store_id,sku_id,date,target,category,foot_traffic_tier,forecast_units,lower_bound_90,upper_bound_90,forecast_method
S0001,P00055,2025-10-01,22,Beverages,Premium,24.127184012680846,15.959424238336704,32.61792948460873,DemandSense_v2_HighPremium
S0001,P00055,2025-10-02,29,Beverages,Premium,24.98462495511783,16.64040107972165,33.4835009750901,DemandSense_v2_HighPremium
S0001,P00055,2025-10-03,21,Beverages,Premium,28.357498847807665,19.686776732169537,37.060886498854046,DemandSense_v2_HighPremium
S0001,P00055,2025-10-04,41,Beverages,Premium,32.46862689696453,21.73299810863225,42.38322819893108,DemandSense_v2_HighPremium
S0001,P00055,2025-10-05,27,Beverages,Premium,30.70249912415225,21.078883551315048,40.33577763080951,DemandSense_v2_HighPremium
S0001,P00055,2025-10-06,28,Beverages,Premium,22.52238872445661,15.047140739233086,31.08548588161737,DemandSense_v2_HighPremium
S0001,P00055,2025-10-07,23,Beverages,Premium,23.817773705948905,15.81168324379503,31.992422080547815,DemandSense_v2_HighPremium
S0001,P00055,2025-10-08,18,Beverages,Premium,23.885069851267374,15.814965462955586,32.12409183942193,DemandSense_v2_HighPremium
S0001,P00055,2025-10-09,21,Beverages,Premium,24.481814264311534,16.289982121454035,32.861930210920804,DemandSense_v2_HighPremium
S0001,P00055,2025-10-10,24,Beverages,Premium,27.340182036296937,18.4081934606203,36.071455669872755,DemandSense_v2_HighPremium
S0001,P00055,2025-10-11,29,Beverages,Premium,32.03780498471523,21.755741854396987,41.803037196254984,DemandSense_v2_HighPremium
S0001,P00055,2025-10-12,39,Beverages,Premium,29.06368270782161,19.87816112831794,38.47623263905985,DemandSense_v2_HighPremium
S0001,P00055,2025-10-13,29,Beverages,Premium,22.045267097167613,14.25485123849443,30.513874731059715,DemandSense_v2_HighPremium
S0001,P00055,2025-10-14,24,Beverages,Premium,23.591134061276,15.92594021645405,32.039886893862324,DemandSense_v2_HighPremium
S0001,P00055,2025-10-15,27,Beverages,Premium,24.146694613378347,16.187656250492413,32.59774068514675,DemandSense_v2_HighPremium
S0001,P00055,2025-10-16,33,Beverages,Premium,25.17134708828667,17.09719820283015,33.64337118086071,DemandSense_v2_HighPremium
S0001,P00055,2025-10-17,28,Beverages,Premium,28.879185296534047,19.961623633047964,37.87277731461353,DemandSense_v2_HighPremium
S0001,P00055,2025-10-18,22,Beverages,Premium,34.134385916496285,23.300049120523735,43.47327730470752,DemandSense_v2_HighPremium
S0001,P00055,2025-10-19,31,Beverages,Premium,30.581033438137982,20.90396168701777,40.22133492603268,DemandSense_v2_HighPremium
S0001,P00055,2025-10-20,12,Beverages,Premium,23.08086358333929,15.990376564914996,31.428086656900177,DemandSense_v2_HighPremium
S0001,P00055,2025-10-21,24,Beverages,Premium,23.696206371375112,15.68342865684581,31.899145879894363,DemandSense_v2_HighPremium
S0001,P00055,2025-10-22,28,Beverages,Premium,24.10843617974503,16.12337662589913,32.18005750057267,DemandSense_v2_HighPremium
S0001,P00055,2025-10-23,21,Beverages,Premium,25.289260729203548,17.125659900440272,34.23750968357321,DemandSense_v2_HighPremium
S0001,P00055,2025-10-24,32,Beverages,Premium,27.89834128578591,19.132372946943377,36.820789225105344,DemandSense_v2_HighPremium
S0001,P00055,2025-10-25,28,Beverages,Premium,33.19309823014087,22.27865631691524,43.0131345157506,DemandSense_v2_HighPremium
S0001,P00055,2025-10-26,40,Beverages,Premium,30.36113370550653,21.04385984290876,39.8006021771228,DemandSense_v2_HighPremium
S0001,P00055,2025-10-27,31,Beverages,Premium,24.040167698991095,15.992217072773618,33.94839977792471,DemandSense_v2_HighPremium
S0001,P00055,2025-10-28,24,Beverages,Premium,24.603600649740983,17.13330640696064,32.657208970168426,DemandSense_v2_HighPremium
S0001,P00055,2025-10-29,24,Beverages,Premium,25.017925586847912,17.19006010180006,33.358661939721365,DemandSense_v2_HighPremium
S0001,P00055,2025-10-30,24,Beverages,Premium,25.712824637012577,17.738962423154074,34.55678615244544,DemandSense_v2_HighPremium
S0001,P00055,2025-10-31,29,Beverages,Premium,28.40738740025511,19.95306879317914,39.86431655492045,DemandSense_v2_HighPremium
S0001,P00055,2025-11-01,38,Beverages,Premium,36.73195519387366,23.739923628625828,47.29193342595319,DemandSense_v2_HighPremium
S0001,P00055,2025-11-02,35,Beverages,Premium,34.66431383787305,22.799335568434632,44.35501909088113,DemandSense_v2_HighPremium
S0001,P00055,2025-11-03,29,Beverages,Premium,25.760146703404075,17.210327308507562,34.3228328854769,DemandSense_v2_HighPremium
S0001,P00055,2025-11-04,26,Beverages,Premium,27.24187898445723,17.99681847280279,35.79130669662796,DemandSense_v2_HighPremium
S0001,P00055,2025-11-05,34,Beverages,Premium,27.28387285378949,17.91974285747797,36.271967065314904,DemandSense_v2_HighPremium
S0001,P00055,2025-11-06,29,Beverages,Premium,28.489689540684413,19.317127146538112,37.49847511323848,DemandSense_v2_HighPremium
S0001,P00055,2025-11-07,36,Beverages,Premium,32.855689252021996,22.263840066036167,42.66841056701291,DemandSense_v2_HighPremium
S0001,P00055,2025-11-08,32,Beverages,Premium,38.98705450066063,25.23223674153248,49.699690345119755,DemandSense_v2_HighPremium
S0001,P00055,2025-11-09,31,Beverages,Premium,35.738179790605585,24.39522486615435,45.82781622439768,DemandSense_v2_HighPremium
S0001,P00055,2025-11-10,35,Beverages,Premium,25.977541891839373,18.69479385801256,34.754498254221886,DemandSense_v2_HighPremium
S0001,P00055,2025-11-11,21,Beverages,Premium,27.634736462747593,19.499352488352283,36.5394395488291,DemandSense_v2_HighPremium
S0001,P00055,2025-11-12,24,Beverages,Premium,27.759557673842735,19.377705651505728,36.69099164206781,DemandSense_v2_HighPremium
S0001,P00055,2025-11-13,30,Beverages,Premium,28.433044564081108,19.764426145744892,37.49160594883566,DemandSense_v2_HighPremium
S0001,P00055,2025-11-14,38,Beverages,Premium,32.65535572593662,22.69185290098019,42.33738374908164,DemandSense_v2_HighPremium
S0001,P00055,2025-11-15,38,Beverages,Premium,37.93090511270105,24.74807654818185,49.744393173001704,DemandSense_v2_HighPremium
S0001,P00055,2025-11-16,38,Beverages,Premium,35.37622901161908,24.396595462320622,46.49209933028573,DemandSense_v2_HighPremium
S0001,P00055,2025-11-17,29,Beverages,Premium,26.218055468325492,18.298472202502563,35.54750761343339,DemandSense_v2_HighPremium
S0001,P00055,2025-11-18,22,Beverages,Premium,27.956251690509887,19.723028680809367,37.75485588548896,DemandSense_v2_HighPremium
S0001,P00055,2025-11-19,25,Beverages,Premium,28.101852595369024,19.623359404739404,38.35821845845001,DemandSense_v2_HighPremium
S0001,P00055,2025-11-20,24,Beverages,Premium,28.77705598004287,20.17009262524202,38.361800826159794,DemandSense_v2_HighPremium
S0001,P00055,2025-11-21,32,Beverages,Premium,33.20179214286206,22.679392946816495,43.74062844975604,DemandSense_v2_HighPremium
S0001,P00055,2025-11-22,36,Beverages,Premium,38.47794052631649,25.305866445499944,50.17952747154792,DemandSense_v2_HighPremium
S0001,P00055,2025-11-23,43,Beverages,Premium,35.77391674424807,24.87287148418497,46.494126995973126,DemandSense_v2_HighPremium
S0001,P00055,2025-11-24,31,Beverages,Premium,36.22308402915297,19.994161897094106,39.50976999911657,DemandSense_v2_HighPremium
S0001,P00055,2025-11-25,28,Beverages,Premium,30.975782761133903,19.69937994842731,40.48079731304673,DemandSense_v2_HighPremium
S0001,P00055,2025-11-26,29,Beverages,Premium,28.1992807269632,19.959529221021356,37.89934590322883,DemandSense_v2_HighPremium
S0001,P00055,2025-11-27,26,Beverages,Premium,33.09255159448766,20.931355525004147,40.17402251434174,DemandSense_v2_HighPremium
S0001,P00055,2025-11-28,41,Beverages,Premium,55.23691870776912,24.20051269794927,59.91411132909714,DemandSense_v2_HighPremium
S0001,P00055,2025-11-29,38,Beverages,Premium,42.18085210253188,26.861410760296152,51.669099794406435,DemandSense_v2_HighPremium
S0001,P00055,2025-11-30,23,Beverages,Premium,36.53633855677575,25.058908851322993,47.060429754229766,DemandSense_v2_HighPremium
S0001,P00055,2025-12-01,36,Beverages,Premium,28.41871539385666,19.950693086898344,37.144054309688514,DemandSense_v2_HighPremium
S0001,P00055,2025-12-02,25,Beverages,Premium,30.067248150070327,21.21450810429273,39.4889435432182,DemandSense_v2_HighPremium
S0001,P00055,2025-12-03,26,Beverages,Premium,30.179591386626097,21.086592017551915,39.32772491713597,DemandSense_v2_HighPremium
S0001,P00055,2025-12-04,30,Beverages,Premium,30.457152062202333,20.942007495936497,41.45520117149325,DemandSense_v2_HighPremium
S0001,P00055,2025-12-05,37,Beverages,Premium,34.99710904729247,24.16501448462666,45.27868223760151,DemandSense_v2_HighPremium
S0001,P00055,2025-12-06,49,Beverages,Premium,41.56051885958326,26.03758698969064,53.229259618771955,DemandSense_v2_HighPremium
S0001,P00055,2025-12-07,35,Beverages,Premium,40.275939393468896,25.7034353505583,51.06774162960214,DemandSense_v2_HighPremium
S0001,P00055,2025-12-08,33,Beverages,Premium,29.452773428137792,21.235010119477487,38.47534025047889,DemandSense_v2_HighPremium
S0001,P00055,2025-12-09,32,Beverages,Premium,30.66964874260391,21.163009148645223,39.92767442602744,DemandSense_v2_HighPremium
S0001,P00055,2025-12-10,41,Beverages,Premium,30.97622305824827,21.324742912050237,40.84180671062256,DemandSense_v2_HighPremium
S0001,P00055,2025-12-11,38,Beverages,Premium,32.98424406884262,22.674022859347385,42.08231555961646,DemandSense_v2_HighPremium
S0001,P00055,2025-12-12,33,Beverages,Premium,38.71666906580265,25.398295067496832,49.41988667551352,DemandSense_v2_HighPremium
S0001,P00055,2025-12-13,47,Beverages,Premium,43.18468892081856,26.8119364680337,54.248420891457165,DemandSense_v2_HighPremium
S0001,P00055,2025-12-14,32,Beverages,Premium,40.52989469279677,26.21554405817384,51.25837955699203,DemandSense_v2_HighPremium
S0001,P00055,2025-12-15,32,Beverages,Premium,29.74871486166103,21.344185926104895,39.031058203181935,DemandSense_v2_HighPremium
S0001,P00055,2025-12-16,36,Beverages,Premium,30.84577042802124,21.541822186144657,40.27609962056656,DemandSense_v2_HighPremium
S0001,P00055,2025-12-17,39,Beverages,Premium,31.227841176837483,22.11236033239612,41.03517215664396,DemandSense_v2_HighPremium
S0001,P00055,2025-12-18,35,Beverages,Premium,32.7833594045575,23.16084367401745,43.27495839512496,DemandSense_v2_HighPremium
S0001,P00055,2025-12-19,35,Beverages,Premium,38.09564643427595,25.453309081322775,48.50691389227598,DemandSense_v2_HighPremium
S0001,P00055,2025-12-20,50,Beverages,Premium,42.928103564805475,26.99413975570026,53.93107697166165,DemandSense_v2_HighPremium
S0001,P00055,2025-12-21,41,Beverages,Premium,41.39778087106333,27.132847875299415,52.20434490408465,DemandSense_v2_HighPremium
S0001,P00055,2025-12-22,41,Beverages,Premium,31.09179309408684,22.285267619887694,40.275063595468,DemandSense_v2_HighPremium
S0001,P00055,2025-12-23,30,Beverages,Premium,40.8606381066763,23.047780417405296,56.82391070149675,DemandSense_v2_HighPremium
S0001,P00055,2025-12-24,41,Beverages,Premium,52.679305689168274,23.1972790022158,63.963374856781954,DemandSense_v2_HighPremium
S0001,P00055,2025-12-25,34,Beverages,Premium,42.00589667317533,23.84619522836412,52.139459993326206,DemandSense_v2_HighPremium
S0001,P00055,2025-12-26,48,Beverages,Premium,38.67804289415731,25.772495369369818,49.39176423281921,DemandSense_v2_HighPremium
S0001,P00055,2025-12-27,56,Beverages,Premium,44.95365459727024,27.273361743913178,57.75111170124048,DemandSense_v2_HighPremium
S0001,P00055,2025-12-28,47,Beverages,Premium,41.4397398257611,27.277681636225054,53.085818411726905,DemandSense_v2_HighPremium
S0001,P00055,2025-12-29,28,Beverages,Premium,32.200476566193444,22.311601959112537,40.462257654028996,DemandSense_v2_HighPremium
S0001,P00055,2025-12-30,29,Beverages,Premium,38.97362762657915,21.55725794200593,49.60622061564467,DemandSense_v2_HighPremium
S0001,P00055,2025-12-31,35,Beverages,Premium,46.17878847894605,23.243982455923657,58.945590907777635,DemandSense_v2_HighPremium
S0001,P00078,2025-10-01,5,Beverages,Premium,3.0833040118700628,1.000000218452984,6.046206427765827,DemandSense_v2_HighPremium
S0001,P00078,2025-10-02,6,Beverages,Premium,3.2636403541569683,1.0000002180625844,6.2127460182218766,DemandSense_v2_HighPremium
S0001,P00078,2025-10-03,3,Beverages,Premium,3.7470657190825314,0.9994253659797626,7.040311121927877,DemandSense_v2_HighPremium
S0001,P00078,2025-10-04,4,Beverages,Premium,4.303381085369259,0.9893266486900532,7.996783598543307,DemandSense_v2_HighPremium
S0001,P00078,2025-10-05,6,Beverages,Premium,3.946861597337203,0.9893266470088998,7.429925591032049,DemandSense_v2_HighPremium
S0001,P00078,2025-10-06,1,Beverages,Premium,3.366103343279696,1.0000288665876251,6.218563333212276,DemandSense_v2_HighPremium
S0001,P00078,2025-10-07,2,Beverages,Premium,3.37639168624221,1.0000226826402607,6.408012363978025,DemandSense_v2_HighPremium
S0001,P00078,2025-10-08,6,Beverages,Premium,3.3172545328439473,1.00002073053839,6.272645090068997,DemandSense_v2_HighPremium
S0001,P00078,2025-10-09,7,Beverages,Premium,3.5614194580350143,1.0015163096466968,6.659782356799658,DemandSense_v2_HighPremium
S0001,P00078,2025-10-10,3,Beverages,Premium,3.9022116091030066,0.9819029539861248,7.176315853665318,DemandSense_v2_HighPremium
S0001,P00078,2025-10-11,6,Beverages,Premium,4.439732181985375,0.9954580467430996,7.91525594946,DemandSense_v2_HighPremium
S0001,P00078,2025-10-12,2,Beverages,Premium,4.238628941073526,1.0484427497190112,7.794414635040054,DemandSense_v2_HighPremium
S0001,P00078,2025-10-13,3,Beverages,Premium,3.204192236681247,0.9999235419761262,6.162996010983557,DemandSense_v2_HighPremium
S0001,P00078,2025-10-14,5,Beverages,Premium,3.392406711719144,1.0000775988381136,6.381155195085227,DemandSense_v2_HighPremium
S0001,P00078,2025-10-15,4,Beverages,Premium,3.604686264859407,1.0168254890103892,6.768643512688562,DemandSense_v2_HighPremium
S0001,P00078,2025-10-16,4,Beverages,Premium,3.553196692189145,1.014845557097442,6.682849817825808,DemandSense_v2_HighPremium
S0001,P00078,2025-10-17,3,Beverages,Premium,3.783362774211464,0.9795361429100646,7.29767016899534,DemandSense_v2_HighPremium
S0001,P00078,2025-10-18,4,Beverages,Premium,4.348006733444191,0.9934591822708374,8.244912742982258,DemandSense_v2_HighPremium
S0001,P00078,2025-10-19,9,Beverages,Premium,3.998138801254284,1.0076643651081698,7.706762295390232,DemandSense_v2_HighPremium
S0001,P00078,2025-10-20,3,Beverages,Premium,3.520472558013246,0.9947207308310476,6.776494496446632,DemandSense_v2_HighPremium
S0001,P00078,2025-10-21,8,Beverages,Premium,3.6264011428577434,0.994720727349057,6.824154570421854,DemandSense_v2_HighPremium
S0001,P00078,2025-10-23,6,Beverages,Premium,3.980200120384314,1.0495182652081274,7.5585305693370195,DemandSense_v2_HighPremium
S0001,P00078,2025-10-24,4,Beverages,Premium,4.664181140048328,1.51914040545091,8.454382321309286,DemandSense_v2_HighPremium
S0001,P00078,2025-10-25,9,Beverages,Premium,5.433593988874311,1.9287190398640313,9.45658692965366,DemandSense_v2_HighPremium
S0001,P00078,2025-10-26,6,Beverages,Premium,5.475408606269532,2.1135669113207185,9.547760711653853,DemandSense_v2_HighPremium
S0001,P00078,2025-10-27,2,Beverages,Premium,4.334712070743188,1.115746921535914,8.18367641484938,DemandSense_v2_HighPremium
S0001,P00078,2025-10-28,1,Beverages,Premium,4.108043500640131,1.1386630899930648,7.682861679353352,DemandSense_v2_HighPremium
S0001,P00078,2025-10-29,3,Beverages,Premium,4.130991029933051,1.1165522586281962,8.015713969613145,DemandSense_v2_HighPremium
S0001,P00078,2025-10-30,4,Beverages,Premium,4.171133981845742,1.0662655625600397,7.984533122579595,DemandSense_v2_HighPremium
S0001,P00078,2025-10-31,1,Beverages,Premium,4.641261142915641,1.6493387771285302,8.642559241410309,DemandSense_v2_HighPremium
S0001,P00078,2025-11-01,6,Beverages,Premium,5.650502844194247,1.8906530545179805,9.5252156465123,DemandSense_v2_HighPremium
S0001,P00078,2025-11-02,5,Beverages,Premium,5.107122624085835,1.9504641716132785,9.355706500956035,DemandSense_v2_HighPremium
S0001,P00078,2025-11-03,8,Beverages,Premium,4.1837381610600195,1.086203598176591,7.591096318015818,DemandSense_v2_HighPremium
S0001,P00078,2025-11-04,1,Beverages,Premium,4.244480995858943,1.144038264924633,7.859854767316815,DemandSense_v2_HighPremium
S0001,P00078,2025-11-05,5,Beverages,Premium,4.395823278477103,1.1433624792083277,8.196501235642602,DemandSense_v2_HighPremium
S0001,P00078,2025-11-06,2,Beverages,Premium,4.571942426101227,1.1999518759189614,8.53688770854803,DemandSense_v2_HighPremium
S0001,P00078,2025-11-07,3,Beverages,Premium,4.9736349863585305,1.798986652259178,9.045525413646583,DemandSense_v2_HighPremium
S0001,P00078,2025-11-08,4,Beverages,Premium,5.790946693073691,2.0201971315833256,9.647565301102963,DemandSense_v2_HighPremium
S0001,P00078,2025-11-09,8,Beverages,Premium,5.209430726253109,1.9738444167636944,9.356435646219946,DemandSense_v2_HighPremium
S0001,P00078,2025-11-10,9,Beverages,Premium,3.992666040750779,0.9981766383459464,7.474352339779744,DemandSense_v2_HighPremium
S0001,P00078,2025-11-11,9,Beverages,Premium,4.391868273459011,1.1040847346340192,8.21626777575348,DemandSense_v2_HighPremium
S0001,P00078,2025-11-12,4,Beverages,Premium,4.835701014666649,1.428608869413338,8.91173217004672,DemandSense_v2_HighPremium
S0001,P00078,2025-11-13,3,Beverages,Premium,4.79787166134069,1.4582973824106098,8.831737803571588,DemandSense_v2_HighPremium
S0001,P00078,2025-11-14,1,Beverages,Premium,5.388979552954759,2.098708146705325,9.316444838973728,DemandSense_v2_HighPremium
S0001,P00078,2025-11-15,4,Beverages,Premium,6.205870404967036,2.3093399288031446,10.589318621299505,DemandSense_v2_HighPremium
S0001,P00078,2025-11-16,6,Beverages,Premium,5.713623792529215,2.201929174020313,10.141596391921544,DemandSense_v2_HighPremium
S0001,P00078,2025-11-17,1,Beverages,Premium,4.458828934381831,1.2326921616235549,8.029661448979759,DemandSense_v2_HighPremium
S0001,P00078,2025-11-18,2,Beverages,Premium,3.9940958717770503,1.059034382512087,7.76077667589462,DemandSense_v2_HighPremium
S0001,P00078,2025-11-19,7,Beverages,Premium,3.960094807946213,1.0648127716077451,7.759109404694429,DemandSense_v2_HighPremium
S0001,P00078,2025-11-20,6,Beverages,Premium,4.07343899577745,1.11725519088353,8.100126774560195,DemandSense_v2_HighPremium
S0001,P00078,2025-11-21,5,Beverages,Premium,4.598936647750394,1.72503718674832,8.784216346871371,DemandSense_v2_HighPremium
S0001,P00078,2025-11-22,6,Beverages,Premium,5.69357257972935,2.1189910647857206,9.818542530477243,DemandSense_v2_HighPremium
S0001,P00078,2025-11-23,5,Beverages,Premium,5.298347305228187,2.079582549568489,9.263784235638536,DemandSense_v2_HighPremium
S0001,P00078,2025-11-24,9,Beverages,Premium,4.019323678363777,1.0043172601333858,7.404027776549964,DemandSense_v2_HighPremium
S0001,P00078,2025-11-25,4,Beverages,Premium,4.57820838331644,1.194883281922717,8.24181245559316,DemandSense_v2_HighPremium
S0001,P00078,2025-11-26,3,Beverages,Premium,4.335132445738038,1.1722079180115572,8.308781557231244,DemandSense_v2_HighPremium
S0001,P00078,2025-11-27,8,Beverages,Premium,4.379780879222348,1.2191244322106192,8.773574042506635,DemandSense_v2_HighPremium
S0001,P00078,2025-11-28,1,Beverages,Premium,9.203279541607325,2.9854896583455868,13.747025237610217,DemandSense_v2_HighPremium
S0001,P00078,2025-11-29,8,Beverages,Premium,6.0193314100788005,2.8680772424993948,10.51182184377237,DemandSense_v2_HighPremium
S0001,P00078,2025-11-30,7,Beverages,Premium,5.340533712428019,1.8670111149034776,9.885619195522342,DemandSense_v2_HighPremium
S0001,P00078,2025-12-01,7,Beverages,Premium,4.815945626260184,1.7689127697856608,8.534417170634606,DemandSense_v2_HighPremium
S0001,P00078,2025-12-02,4,Beverages,Premium,4.714153969696014,1.4293284180473051,8.516151343129549,DemandSense_v2_HighPremium
S0001,P00078,2025-12-03,4,Beverages,Premium,4.874350666315879,1.8230534765346136,9.076394441203597,DemandSense_v2_HighPremium
S0001,P00078,2025-12-04,1,Beverages,Premium,4.981416724557154,1.957497868417175,9.354828616774675,DemandSense_v2_HighPremium
S0001,P00078,2025-12-05,2,Beverages,Premium,5.408697678364863,2.086323164365323,9.727372668884255,DemandSense_v2_HighPremium
S0001,P00078,2025-12-06,5,Beverages,Premium,6.308834965677334,2.263293479395411,10.891416955099563,DemandSense_v2_HighPremium
S0001,P00078,2025-12-07,5,Beverages,Premium,5.861261476705995,2.1542625750588376,10.367532312139986,DemandSense_v2_HighPremium
S0001,P00078,2025-12-08,5,Beverages,Premium,4.46180049236527,1.2674350242436263,8.225847583942738,DemandSense_v2_HighPremium
S0001,P00078,2025-12-09,5,Beverages,Premium,4.257396212443922,1.1132033524488132,8.01173055810874,DemandSense_v2_HighPremium
S0001,P00078,2025-12-10,7,Beverages,Premium,4.145014623947259,1.0649006089133883,7.850081190360818,DemandSense_v2_HighPremium
S0001,P00078,2025-12-11,3,Beverages,Premium,4.522230495038492,1.1847761998980149,8.438063267741246,DemandSense_v2_HighPremium
S0001,P00078,2025-12-12,7,Beverages,Premium,5.014713962918575,1.851529033430963,9.072008318675174,DemandSense_v2_HighPremium
S0001,P00078,2025-12-13,3,Beverages,Premium,6.28614299771182,2.366299515106314,10.852254074249306,DemandSense_v2_HighPremium
S0001,P00078,2025-12-14,6,Beverages,Premium,5.719504236880127,2.1400903385078265,10.118619309731429,DemandSense_v2_HighPremium
S0001,P00078,2025-12-15,4,Beverages,Premium,4.39833357462164,1.2592784409196938,8.227352363278044,DemandSense_v2_HighPremium
S0001,P00078,2025-12-16,2,Beverages,Premium,4.46584949991478,1.652674888844837,8.308612404767826,DemandSense_v2_HighPremium
S0001,P00078,2025-12-17,7,Beverages,Premium,4.50558216215223,1.6484377765663552,8.467970291099197,DemandSense_v2_HighPremium
S0001,P00078,2025-12-18,3,Beverages,Premium,4.593603187728805,1.775668265613282,8.6005271222065,DemandSense_v2_HighPremium
S0001,P00078,2025-12-19,8,Beverages,Premium,5.03687695752818,1.9526943299443904,9.305373467822152,DemandSense_v2_HighPremium
S0001,P00078,2025-12-20,6,Beverages,Premium,6.145164081777136,2.3194889889664716,10.726263520788931,DemandSense_v2_HighPremium
S0001,P00078,2025-12-21,9,Beverages,Premium,5.7663758705417045,2.1980030486321973,10.06471460333133,DemandSense_v2_HighPremium
S0001,P00078,2025-12-22,2,Beverages,Premium,4.332157663995181,1.707806606655491,8.463771026041801,DemandSense_v2_HighPremium
S0001,P00078,2025-12-23,6,Beverages,Premium,6.476138703640081,1.9275331461849472,10.965089176429748,DemandSense_v2_HighPremium
S0001,P00078,2025-12-24,5,Beverages,Premium,5.924656331041604,2.4120363377949423,10.55814547921558,DemandSense_v2_HighPremium
S0001,P00078,2025-12-25,4,Beverages,Premium,5.876910431885,2.189609493721329,9.755325960493831,DemandSense_v2_HighPremium
S0001,P00078,2025-12-26,5,Beverages,Premium,4.77162436402504,1.783425642437272,9.201894968995893,DemandSense_v2_HighPremium
S0001,P00078,2025-12-27,1,Beverages,Premium,5.86005618859773,2.1990729927697283,10.383774264705684,DemandSense_v2_HighPremium
S0001,P00078,2025-12-28,7,Beverages,Premium,4.987667918187946,1.8548496323182333,9.303072814211776,DemandSense_v2_HighPremium
S0001,P00078,2025-12-29,5,Beverages,Premium,4.072207922116776,1.3902758712527397,7.421122003349381,DemandSense_v2_HighPremium
S0001,P00078,2025-12-30,4,Beverages,Premium,4.86592416493552,1.2664796805359733,8.217604109010233,DemandSense_v2_HighPremium
S0001,P00078,2025-12-31,4,Beverages,Premium,5.332611591436161,2.2720777109278516,9.260731660348217,DemandSense_v2_HighPremium
S0001,P00084,2025-10-02,31,Beverages,Premium,23.87839572181947,14.253643304831302,31.54905117894713,DemandSense_v2_HighPremium
S0001,P00084,2025-10-03,25,Beverages,Premium,26.356998605598623,16.827181847546846,35.20153230404413,DemandSense_v2_HighPremium
S0001,P00084,2025-10-04,29,Beverages,Premium,31.631184083898884,20.238536290062505,40.478853965699976,DemandSense_v2_HighPremium
S0001,P00084,2025-10-05,31,Beverages,Premium,29.28139980544189,19.995130146492528,38.2609250776725,DemandSense_v2_HighPremium
S0001,P00084,2025-10-06,25,Beverages,Premium,22.463522489229675,15.771286344273369,31.071553810027144,DemandSense_v2_HighPremium
S0001,P00084,2025-10-07,22,Beverages,Premium,22.78057806627959,15.50034741628818,30.917195469925264,DemandSense_v2_HighPremium
S0001,P00084,2025-10-08,30,Beverages,Premium,22.265251698769234,14.449099408974464,30.78209542629983,DemandSense_v2_HighPremium
S0001,P00084,2025-10-09,22,Beverages,Premium,22.23932574335263,13.63906649886905,30.86168044026196,DemandSense_v2_HighPremium
S0001,P00084,2025-10-10,32,Beverages,Premium,25.61486753712332,17.784245135050202,35.27560535947169,DemandSense_v2_HighPremium
S0001,P00084,2025-10-11,43,Beverages,Premium,31.426121141074855,20.92935193165101,41.3525566980407,DemandSense_v2_HighPremium
S0001,P00084,2025-10-12,29,Beverages,Premium,29.24447016336604,20.421288886277488,40.018626373654705,DemandSense_v2_HighPremium
S0001,P00084,2025-10-13,20,Beverages,Premium,22.735316504814776,16.155011580587548,31.76469218796374,DemandSense_v2_HighPremium
S0001,P00084,2025-10-14,27,Beverages,Premium,23.68297481926177,16.52045074784588,32.8922338863784,DemandSense_v2_HighPremium
S0001,P00084,2025-10-15,29,Beverages,Premium,23.540421876195627,16.50153206676156,33.06303324454957,DemandSense_v2_HighPremium
S0001,P00084,2025-10-16,19,Beverages,Premium,24.501556749663607,16.967813978260025,34.333621706013275,DemandSense_v2_HighPremium
S0001,P00084,2025-10-17,25,Beverages,Premium,25.234242416785435,17.203328998404107,36.277580848682994,DemandSense_v2_HighPremium
S0001,P00084,2025-10-18,24,Beverages,Premium,18.54173783282459,3.0851046954016295,36.1634627853414,DemandSense_v2_HighPremium
S0001,P00084,2025-10-22,23,Beverages,Premium,24.103557856232488,16.38703280737055,32.99625008503615,DemandSense_v2_HighPremium
S0001,P00084,2025-10-23,29,Beverages,Premium,24.322634027357697,16.473929966208292,32.87277629137505,DemandSense_v2_HighPremium
S0001,P00084,2025-10-24,21,Beverages,Premium,27.944834395600232,19.68175728371305,37.69152228988648,DemandSense_v2_HighPremium
S0001,P00084,2025-10-25,34,Beverages,Premium,32.183511120376,21.539107014270364,43.070249556785214,DemandSense_v2_HighPremium
S0001,P00084,2025-10-26,31,Beverages,Premium,29.391130616946956,20.602620202588444,39.746184626589105,DemandSense_v2_HighPremium
S0001,P00084,2025-10-27,24,Beverages,Premium,23.40905677377398,15.900113437144414,34.32059308950555,DemandSense_v2_HighPremium
S0001,P00084,2025-10-28,31,Beverages,Premium,23.352295193701963,15.89615021852595,32.678625133460294,DemandSense_v2_HighPremium
S0001,P00084,2025-10-29,25,Beverages,Premium,24.606577694811666,17.198912429707082,34.287176692568345,DemandSense_v2_HighPremium
S0001,P00084,2025-10-30,22,Beverages,Premium,25.867848558073195,17.947664543753117,35.490628559280665,DemandSense_v2_HighPremium
S0001,P00084,2025-10-31,32,Beverages,Premium,28.76821728620294,19.880363037773556,41.91280925718644,DemandSense_v2_HighPremium
S0001,P00084,2025-11-01,30,Beverages,Premium,35.7689255804426,22.153932189835174,46.44491066071173,DemandSense_v2_HighPremium
S0001,P00084,2025-11-02,33,Beverages,Premium,33.7900472353864,22.134747009851313,43.655495382822465,DemandSense_v2_HighPremium
S0001,P00084,2025-11-03,20,Beverages,Premium,25.697362662837836,16.880016247629804,34.38033554755845,DemandSense_v2_HighPremium
S0001,P00084,2025-11-04,24,Beverages,Premium,26.578583526520443,17.704430093194926,35.40024148294225,DemandSense_v2_HighPremium
S0001,P00084,2025-11-05,34,Beverages,Premium,26.602445697699753,17.546204717328287,35.59272741056887,DemandSense_v2_HighPremium
S0001,P00084,2025-11-06,32,Beverages,Premium,27.60433216050652,18.664701650847352,36.95373649544129,DemandSense_v2_HighPremium
S0001,P00084,2025-11-07,25,Beverages,Premium,31.70906749514983,20.7463498076649,41.84564843147913,DemandSense_v2_HighPremium
S0001,P00084,2025-11-08,21,Beverages,Premium,27.995402917976456,4.610729935920419,42.8143745700217,DemandSense_v2_HighPremium
S0001,P00084,2025-11-19,23,Beverages,Premium,25.792657197093504,17.34136518750719,34.7987531023956,DemandSense_v2_HighPremium
S0001,P00084,2025-11-20,24,Beverages,Premium,26.25911202024657,17.74870953508659,35.822465862822156,DemandSense_v2_HighPremium
S0001,P00084,2025-11-21,20,Beverages,Premium,29.74137946621463,19.81929970338869,39.849401987741366,DemandSense_v2_HighPremium
S0001,P00084,2025-11-22,30,Beverages,Premium,33.429889247283214,22.60770158814004,43.847255822761774,DemandSense_v2_HighPremium
S0001,P00084,2025-11-23,42,Beverages,Premium,30.556673176168974,20.536601670497426,39.83613123170307,DemandSense_v2_HighPremium
S0001,P00084,2025-11-24,18,Beverages,Premium,31.728900419651747,16.762532653453828,37.607765938250466,DemandSense_v2_HighPremium
S0001,P00084,2025-11-25,24,Beverages,Premium,27.017856851594043,16.44201028113525,36.82425540999389,DemandSense_v2_HighPremium
S0001,P00084,2025-11-26,25,Beverages,Premium,23.982798426018668,16.779816490038385,32.96097944956003,DemandSense_v2_HighPremium
S0001,P00084,2025-11-27,28,Beverages,Premium,27.36576379859746,17.419167745055532,36.85949693522023,DemandSense_v2_HighPremium
S0001,P00084,2025-11-28,20,Beverages,Premium,47.59840567911787,21.601227329497583,54.13893052255822,DemandSense_v2_HighPremium
S0001,P00084,2025-11-29,23,Beverages,Premium,33.75811394027946,24.38662897701263,43.19437986303627,DemandSense_v2_HighPremium
S0001,P00084,2025-11-30,35,Beverages,Premium,29.673695172641875,20.69238346929782,39.34115100815249,DemandSense_v2_HighPremium
S0001,P00084,2025-12-01,35,Beverages,Premium,24.865568994938233,16.188622704677602,33.028992578880846,DemandSense_v2_HighPremium
S0001,P00084,2025-12-02,37,Beverages,Premium,26.860093606408967,17.394565995624944,35.21470397090396,DemandSense_v2_HighPremium
S0001,P00084,2025-12-03,30,Beverages,Premium,27.55726040350046,18.254470737702132,36.02736789916832,DemandSense_v2_HighPremium
S0001,P00084,2025-12-04,32,Beverages,Premium,28.377499276572863,19.07429967548018,37.782589794212086,DemandSense_v2_HighPremium
S0001,P00084,2025-12-05,39,Beverages,Premium,32.490821731293764,21.456012610704985,41.9836518124502,DemandSense_v2_HighPremium
S0001,P00084,2025-12-06,3,Beverages,Premium,26.598956136003547,4.107301674686883,43.966073451654125,DemandSense_v2_HighPremium
S0001,P00084,2025-12-15,32,Beverages,Premium,26.755373481651723,16.926872909481855,34.998620903418214,DemandSense_v2_HighPremium
S0001,P00084,2025-12-16,33,Beverages,Premium,26.362548345241695,18.33725675557132,35.21059065144627,DemandSense_v2_HighPremium
S0001,P00084,2025-12-17,36,Beverages,Premium,26.683335690902716,18.540692754049765,35.80073433603,DemandSense_v2_HighPremium
S0001,P00084,2025-12-18,44,Beverages,Premium,27.528179944992317,19.489921208620935,36.9391061283195,DemandSense_v2_HighPremium
S0001,P00084,2025-12-19,31,Beverages,Premium,32.99784515037168,22.004841839429975,42.03884580770775,DemandSense_v2_HighPremium
S0001,P00084,2025-12-20,30,Beverages,Premium,36.787808593524154,24.48158669377487,46.66863327085164,DemandSense_v2_HighPremium
S0001,P00084,2025-12-21,38,Beverages,Premium,34.36162414970893,23.454362647717133,44.414341726329056,DemandSense_v2_HighPremium
S0001,P00084,2025-12-22,23,Beverages,Premium,25.59175980698844,19.341068756073724,35.667093315022626,DemandSense_v2_HighPremium
S0001,P00084,2025-12-23,31,Beverages,Premium,35.13025435019616,19.4746470780019,50.88918620649249,DemandSense_v2_HighPremium
S0001,P00084,2025-12-24,26,Beverages,Premium,44.22913674419301,20.45817848138265,53.91271742626529,DemandSense_v2_HighPremium
S0001,P00084,2025-12-25,29,Beverages,Premium,32.13506719179893,20.72212198030589,41.26406333285445,DemandSense_v2_HighPremium
S0001,P00084,2025-12-26,41,Beverages,Premium,30.498571878707143,22.361409811520453,40.05217181996076,DemandSense_v2_HighPremium
S0001,P00084,2025-12-27,50,Beverages,Premium,36.73231825451129,24.665918735411108,48.07290204358112,DemandSense_v2_HighPremium
S0001,P00084,2025-12-28,15,Beverages,Premium,20.873837752780027,3.9570481014155505,41.95106444883273,DemandSense_v2_HighPremium
S0001,P00096,2025-10-01,22,Beverages,Premium,25.200062341570963,16.4380756745157,33.883902594475096,DemandSense_v2_HighPremium
S0001,P00096,2025-10-02,29,Beverages,Premium,26.18759312612062,16.87382921031515,35.098588555047975,DemandSense_v2_HighPremium
S0001,P00096,2025-10-03,27,Beverages,Premium,29.29205292894436,19.931168973059503,38.43904835504637,DemandSense_v2_HighPremium
S0001,P00096,2025-10-04,27,Beverages,Premium,35.19001855577122,23.43967508326227,45.093247332366694,DemandSense_v2_HighPremium
S0001,P00096,2025-10-05,33,Beverages,Premium,31.221424288028516,21.534716801234257,40.829476555971546,DemandSense_v2_HighPremium
S0001,P00096,2025-10-06,23,Beverages,Premium,23.32442258502757,15.737236751952729,31.842391652730736,DemandSense_v2_HighPremium
S0001,P00096,2025-10-07,12,Beverages,Premium,24.39056049601901,16.344340074654944,32.59780851519885,DemandSense_v2_HighPremium
S0001,P00096,2025-10-08,26,Beverages,Premium,24.07895821357063,15.588258461526776,32.551894941270156,DemandSense_v2_HighPremium
S0001,P00096,2025-10-09,17,Beverages,Premium,25.46808267529271,16.726717694221115,34.109964022975625,DemandSense_v2_HighPremium
S0001,P00096,2025-10-10,37,Beverages,Premium,27.326707614616215,18.22087479089133,36.626977613447366,DemandSense_v2_HighPremium
S0001,P00096,2025-10-11,30,Beverages,Premium,33.899320509727225,22.612227098646112,43.779555615899305,DemandSense_v2_HighPremium
S0001,P00096,2025-10-12,39,Beverages,Premium,30.71753458549967,21.283311445096853,40.43711226214914,DemandSense_v2_HighPremium
S0001,P00096,2025-10-13,24,Beverages,Premium,23.206776518849463,15.67500710946286,31.55209763842008,DemandSense_v2_HighPremium
S0001,P00096,2025-10-14,28,Beverages,Premium,24.378864669564503,16.167579239343944,32.65479305412006,DemandSense_v2_HighPremium
S0001,P00096,2025-10-15,29,Beverages,Premium,24.66112514108199,16.630913034150407,33.0768038215824,DemandSense_v2_HighPremium
S0001,P00096,2025-10-16,28,Beverages,Premium,25.66183609958844,17.565036007290338,34.27132812725853,DemandSense_v2_HighPremium
S0001,P00096,2025-10-17,33,Beverages,Premium,28.916380505461554,20.387191188852647,38.04769586377768,DemandSense_v2_HighPremium
S0001,P00096,2025-10-18,33,Beverages,Premium,34.54739804319645,23.49616043126344,43.9446717326217,DemandSense_v2_HighPremium
S0001,P00096,2025-10-19,39,Beverages,Premium,31.51052605450633,22.183894855446812,40.87550650365774,DemandSense_v2_HighPremium
S0001,P00096,2025-10-20,27,Beverages,Premium,23.814730646802,16.613165610300218,32.16214836887378,DemandSense_v2_HighPremium
S0001,P00096,2025-10-21,22,Beverages,Premium,24.249047304500085,16.80727996931921,32.41750986478836,DemandSense_v2_HighPremium
S0001,P00096,2025-10-22,20,Beverages,Premium,24.946168455317764,16.974004329248643,33.518071612225064,DemandSense_v2_HighPremium
S0001,P00096,2025-10-23,30,Beverages,Premium,25.58960010466628,17.38158265634531,34.3607942209914,DemandSense_v2_HighPremium
S0001,P00096,2025-10-24,26,Beverages,Premium,28.468756467976693,19.605993450413244,38.4136270240614,DemandSense_v2_HighPremium
S0001,P00096,2025-10-25,40,Beverages,Premium,35.09232873611726,23.868446057933113,45.624261862143285,DemandSense_v2_HighPremium
S0001,P00096,2025-10-26,40,Beverages,Premium,31.95184897130743,22.983289181194976,41.70782681169043,DemandSense_v2_HighPremium
S0001,P00096,2025-10-27,17,Beverages,Premium,24.887894105805124,16.751894066897982,35.03568519833162,DemandSense_v2_HighPremium
S0001,P00096,2025-10-28,17,Beverages,Premium,24.96572811911789,16.89426457617753,33.56943902907857,DemandSense_v2_HighPremium
S0001,P00096,2025-10-29,14,Beverages,Premium,25.187407597528185,16.789941615682498,34.301684182639406,DemandSense_v2_HighPremium
S0001,P00096,2025-10-30,20,Beverages,Premium,25.898184977206764,16.919591728258336,35.400139157207555,DemandSense_v2_HighPremium
S0001,P00096,2025-10-31,30,Beverages,Premium,28.598977125336233,19.07836173895929,40.11628578079546,DemandSense_v2_HighPremium
S0001,P00096,2025-11-01,43,Beverages,Premium,36.631955518128855,23.559153284757727,47.08449204295767,DemandSense_v2_HighPremium
S0001,P00096,2025-11-02,44,Beverages,Premium,35.10696549152465,22.893856200697847,43.84599400007359,DemandSense_v2_HighPremium
S0001,P00096,2025-11-03,24,Beverages,Premium,25.8615601374641,17.406212435725415,35.149638742220105,DemandSense_v2_HighPremium
S0001,P00096,2025-11-04,31,Beverages,Premium,26.78755899704911,16.559277870454633,35.61264587773946,DemandSense_v2_HighPremium
S0001,P00096,2025-11-05,20,Beverages,Premium,28.13551712964443,19.019159216108157,37.8093683413045,DemandSense_v2_HighPremium
S0001,P00096,2025-11-06,25,Beverages,Premium,28.66828502488407,19.101180765457865,38.54927994590216,DemandSense_v2_HighPremium
S0001,P00096,2025-11-07,31,Beverages,Premium,33.1369715128269,22.37632136110059,43.87848886401891,DemandSense_v2_HighPremium
S0001,P00096,2025-11-08,47,Beverages,Premium,38.53485007837416,25.280272047797126,49.295368407691555,DemandSense_v2_HighPremium
S0001,P00096,2025-11-09,34,Beverages,Premium,36.546165505582394,24.819274936176058,46.75756369134772,DemandSense_v2_HighPremium
S0001,P00096,2025-11-10,23,Beverages,Premium,26.165411174393427,18.454927664611535,35.37087421159269,DemandSense_v2_HighPremium
S0001,P00096,2025-11-11,27,Beverages,Premium,27.589182410209244,19.19421228753116,36.98020891505771,DemandSense_v2_HighPremium
S0001,P00096,2025-11-12,31,Beverages,Premium,27.53909672954224,18.58381432698178,36.94691610354966,DemandSense_v2_HighPremium
S0001,P00096,2025-11-13,28,Beverages,Premium,28.76898717229516,20.21318732210621,38.18368075495547,DemandSense_v2_HighPremium
S0001,P00096,2025-11-14,39,Beverages,Premium,32.96285247062469,22.799659107856822,43.433827895084214,DemandSense_v2_HighPremium
S0001,P00096,2025-11-15,47,Beverages,Premium,38.30419762671577,25.425690265438966,50.62625254451614,DemandSense_v2_HighPremium
S0001,P00096,2025-11-16,35,Beverages,Premium,35.615774329815494,24.982348471675323,48.01573052993596,DemandSense_v2_HighPremium
S0001,P00096,2025-11-17,32,Beverages,Premium,26.187980247234403,19.14000315425809,36.102072309698094,DemandSense_v2_HighPremium
S0001,P00096,2025-11-18,28,Beverages,Premium,27.91188957328501,20.035085708317503,37.41688532366716,DemandSense_v2_HighPremium
S0001,P00096,2025-11-19,38,Beverages,Premium,28.13795264278358,19.677555394891247,37.62367769968903,DemandSense_v2_HighPremium
S0001,P00096,2025-11-20,19,Beverages,Premium,29.76211716175594,21.48590729081713,39.4936747953572,DemandSense_v2_HighPremium
S0001,P00096,2025-11-21,30,Beverages,Premium,32.96703277949979,22.306066934600945,44.6368175394356,DemandSense_v2_HighPremium
S0001,P00096,2025-11-22,48,Beverages,Premium,38.42025027105852,25.62605663023797,50.290070148870335,DemandSense_v2_HighPremium
S0001,P00096,2025-11-23,43,Beverages,Premium,36.1861731911225,25.282676972133384,48.045353595803064,DemandSense_v2_HighPremium
S0001,P00096,2025-11-24,20,Beverages,Premium,36.70692907910203,19.389110474528877,39.34242457823795,DemandSense_v2_HighPremium
S0001,P00096,2025-11-25,27,Beverages,Premium,30.736647488805108,18.992890769126756,40.87587677047936,DemandSense_v2_HighPremium
S0001,P00096,2025-11-26,31,Beverages,Premium,28.463832028565054,19.73145910271876,38.32362514185324,DemandSense_v2_HighPremium
S0001,P00096,2025-11-27,29,Beverages,Premium,33.7653783549496,20.96082870997452,41.299570636209445,DemandSense_v2_HighPremium
S0001,P00096,2025-11-28,41,Beverages,Premium,60.29049822135307,24.82019124487942,64.48928599385253,DemandSense_v2_HighPremium
S0001,P00096,2025-11-29,30,Beverages,Premium,43.0564341075683,26.813870778373225,52.90429291968603,DemandSense_v2_HighPremium
S0001,P00096,2025-11-30,31,Beverages,Premium,35.926782875345715,25.024132328293604,47.30933652981184,DemandSense_v2_HighPremium
S0001,P00096,2025-12-01,40,Beverages,Premium,28.98837317672936,20.10536611320831,37.62840272598707,DemandSense_v2_HighPremium
S0001,P00096,2025-12-02,32,Beverages,Premium,30.997984444614005,21.719525428614467,40.48490545533735,DemandSense_v2_HighPremium
S0001,P00096,2025-12-03,25,Beverages,Premium,31.080690666510932,21.33006033715187,40.82888979871155,DemandSense_v2_HighPremium
S0001,P00096,2025-12-04,40,Beverages,Premium,31.71400172643764,21.343430292252386,42.50507504238867,DemandSense_v2_HighPremium
S0001,P00096,2025-12-05,32,Beverages,Premium,38.651802543806184,25.32773328470115,49.90340521582578,DemandSense_v2_HighPremium
S0001,P00096,2025-12-06,49,Beverages,Premium,42.88108949247245,26.520344345632715,55.19159339560762,DemandSense_v2_HighPremium
S0001,P00096,2025-12-07,39,Beverages,Premium,41.21539797493072,26.518448899076585,52.25758733533636,DemandSense_v2_HighPremium
S0001,P00096,2025-12-08,25,Beverages,Premium,29.925605003977644,21.190738306573977,38.887964607598185,DemandSense_v2_HighPremium
S0001,P00096,2025-12-09,31,Beverages,Premium,31.54562107171973,21.76972467343107,41.19124606352506,DemandSense_v2_HighPremium
S0001,P00096,2025-12-10,27,Beverages,Premium,32.26706395664956,22.257664879022,43.0586867968075,DemandSense_v2_HighPremium
S0001,P00096,2025-12-11,35,Beverages,Premium,32.50853356013992,22.418804242123073,42.22944785546627,DemandSense_v2_HighPremium
S0001,P00096,2025-12-12,41,Beverages,Premium,38.45698615240025,25.47547373528888,49.60702640941702,DemandSense_v2_HighPremium
S0001,P00096,2025-12-13,58,Beverages,Premium,44.55132864351336,27.089626507964372,55.99087488311957,DemandSense_v2_HighPremium
S0001,P00096,2025-12-14,48,Beverages,Premium,41.70939093744039,27.209308666770173,52.25172588518718,DemandSense_v2_HighPremium
S0001,P00096,2025-12-15,30,Beverages,Premium,30.99316698814845,22.05717379173972,40.131637472725835,DemandSense_v2_HighPremium
S0001,P00096,2025-12-16,37,Beverages,Premium,32.24939659016438,22.39813328242728,42.924355522688835,DemandSense_v2_HighPremium
S0001,P00096,2025-12-17,35,Beverages,Premium,33.466238856596135,22.703743091221565,44.01080672198033,DemandSense_v2_HighPremium
S0001,P00096,2025-12-18,33,Beverages,Premium,33.861397011545684,23.03009783979096,44.448037356014915,DemandSense_v2_HighPremium
S0001,P00096,2025-12-19,48,Beverages,Premium,39.66996681191821,25.85858718895652,49.78286693981338,DemandSense_v2_HighPremium
S0001,P00096,2025-12-20,45,Beverages,Premium,45.56504418345469,27.335917011425007,57.02033183066613,DemandSense_v2_HighPremium
S0001,P00096,2025-12-21,41,Beverages,Premium,41.885138566578625,27.120986406488925,52.40955468872348,DemandSense_v2_HighPremium
S0001,P00096,2025-12-22,31,Beverages,Premium,30.33465778446919,21.578964270042924,39.54033958434183,DemandSense_v2_HighPremium
S0001,P00096,2025-12-23,39,Beverages,Premium,41.39929517809723,22.81577003171589,57.35985244226211,DemandSense_v2_HighPremium
S0001,P00096,2025-12-24,30,Beverages,Premium,54.47397759621768,23.153242516628875,64.41521130013604,DemandSense_v2_HighPremium
S0001,P00096,2025-12-25,39,Beverages,Premium,42.203738847560594,23.71034548531749,52.76869309835038,DemandSense_v2_HighPremium
S0001,P00096,2025-12-26,44,Beverages,Premium,39.04038606457364,25.881729985804476,50.38229595155535,DemandSense_v2_HighPremium
S0001,P00096,2025-12-27,56,Beverages,Premium,44.524507639619664,27.241474019817534,57.27265320475417,DemandSense_v2_HighPremium
S0001,P00096,2025-12-28,46,Beverages,Premium,42.52764263436784,27.538747917041917,54.4748678233796,DemandSense_v2_HighPremium
S0001,P00096,2025-12-29,33,Beverages,Premium,32.11269339363996,22.20236734267787,40.39303856901345,DemandSense_v2_HighPremium
S0001,P00096,2025-12-30,27,Beverages,Premium,40.68976433411793,22.215251539651177,51.01590654407104,DemandSense_v2_HighPremium
S0001,P00096,2025-12-31,28,Beverages,Premium,46.26555547141965,22.801901033409536,58.817732384400855,DemandSense_v2_HighPremium
S0001,P00103,2025-10-01,17,Beverages,Premium,20.595379951850923,12.988793017303182,28.34903150303036,DemandSense_v2_HighPremium
S0001,P00103,2025-10-02,26,Beverages,Premium,21.479339852755405,13.14379817185956,29.54411618217621,DemandSense_v2_HighPremium
S0001,P00103,2025-10-03,22,Beverages,Premium,23.79766217749585,15.419212113180508,32.6815388543976,DemandSense_v2_HighPremium
S0001,P00103,2025-10-04,28,Beverages,Premium,28.353919433478445,18.56650951988565,37.98110649919704,DemandSense_v2_HighPremium
S0001,P00103,2025-10-05,30,Beverages,Premium,25.584373581503822,16.90217449504484,34.123098367054325,DemandSense_v2_HighPremium
S0001,P00103,2025-10-06,18,Beverages,Premium,19.161399802921068,12.038129669895234,27.105797268425853,DemandSense_v2_HighPremium
S0001,P00103,2025-10-07,17,Beverages,Premium,19.883133458394692,12.315301262691229,27.80368039288416,DemandSense_v2_HighPremium
S0001,P00103,2025-10-08,28,Beverages,Premium,20.511563719632605,12.911546399979365,28.325785542341546,DemandSense_v2_HighPremium
S0001,P00103,2025-10-09,13,Beverages,Premium,21.79196416163804,14.328194435300892,29.746780526283107,DemandSense_v2_HighPremium
S0001,P00103,2025-10-10,28,Beverages,Premium,23.955719191037968,15.3509880419932,32.39938872921715,DemandSense_v2_HighPremium
S0001,P00103,2025-10-11,34,Beverages,Premium,28.547970741000444,19.191263456541336,38.06329918530068,DemandSense_v2_HighPremium
S0001,P00103,2025-10-12,25,Beverages,Premium,26.065621022042,17.84156037215618,34.802086813580836,DemandSense_v2_HighPremium
S0001,P00103,2025-10-13,17,Beverages,Premium,19.51961355347343,12.347964539798614,27.078507749552216,DemandSense_v2_HighPremium
S0001,P00103,2025-10-14,25,Beverages,Premium,20.38209193451982,13.053884669420372,28.356393029507945,DemandSense_v2_HighPremium
S0001,P00103,2025-10-15,14,Beverages,Premium,20.809671949466928,14.073633892686548,28.77251932169656,DemandSense_v2_HighPremium
S0001,P00103,2025-10-16,20,Beverages,Premium,21.596805201904065,13.772660946330433,29.491130550799276,DemandSense_v2_HighPremium
S0001,P00103,2025-10-17,19,Beverages,Premium,24.1581847213017,16.135092647839162,32.51188602818706,DemandSense_v2_HighPremium
S0001,P00103,2025-10-18,19,Beverages,Premium,28.789701335884587,19.094709494438305,38.2524295748521,DemandSense_v2_HighPremium
S0001,P00103,2025-10-19,30,Beverages,Premium,25.413562268433157,16.462968756160233,34.019328474977385,DemandSense_v2_HighPremium
S0001,P00103,2025-10-20,17,Beverages,Premium,19.065971596793727,11.724580685260012,26.7378349085443,DemandSense_v2_HighPremium
S0001,P00103,2025-10-21,21,Beverages,Premium,19.574063290840147,12.062852166475412,27.22492652262087,DemandSense_v2_HighPremium
S0001,P00103,2025-10-22,20,Beverages,Premium,20.096463226646645,12.687290695182256,27.962866007035203,DemandSense_v2_HighPremium
S0001,P00103,2025-10-23,24,Beverages,Premium,20.88361581906432,13.01326874810597,28.82566775560569,DemandSense_v2_HighPremium
S0001,P00103,2025-10-24,21,Beverages,Premium,23.337379068255547,15.6427708161088,31.898207384993817,DemandSense_v2_HighPremium
S0001,P00103,2025-10-25,30,Beverages,Premium,28.055215388131774,18.77335787814524,37.23882713689486,DemandSense_v2_HighPremium
S0001,P00103,2025-10-26,27,Beverages,Premium,25.48153532570237,17.73297550069699,34.29262593953015,DemandSense_v2_HighPremium
S0001,P00103,2025-10-27,23,Beverages,Premium,20.236113374515615,12.63246760016809,29.321286446210618,DemandSense_v2_HighPremium
S0001,P00103,2025-10-28,22,Beverages,Premium,20.411947789333805,13.580704215109687,28.21278401818033,DemandSense_v2_HighPremium
S0001,P00103,2025-10-29,22,Beverages,Premium,20.70163968188512,13.352809524930684,28.56262989200287,DemandSense_v2_HighPremium
S0001,P00103,2025-10-30,27,Beverages,Premium,21.587660248890035,14.372123670086683,29.677389582838018,DemandSense_v2_HighPremium
S0001,P00103,2025-10-31,25,Beverages,Premium,24.837745489688835,16.572100358014996,33.63230572795506,DemandSense_v2_HighPremium
S0001,P00103,2025-11-01,24,Beverages,Premium,31.664064099233276,20.61388988424817,40.80742121035388,DemandSense_v2_HighPremium
S0001,P00103,2025-11-02,31,Beverages,Premium,28.827570708077225,18.85376148531649,38.02757514462252,DemandSense_v2_HighPremium
S0001,P00103,2025-11-03,17,Beverages,Premium,21.711421201631573,13.781682438808934,29.55262147271583,DemandSense_v2_HighPremium
S0001,P00103,2025-11-04,20,Beverages,Premium,22.076583380634094,13.853131226996624,29.921902138700503,DemandSense_v2_HighPremium
S0001,P00103,2025-11-05,15,Beverages,Premium,22.412758790808,14.354503793442776,30.678520348258747,DemandSense_v2_HighPremium
S0001,P00103,2025-11-06,22,Beverages,Premium,22.83205954062414,13.813841806908007,30.88057781778584,DemandSense_v2_HighPremium
S0001,P00103,2025-11-07,27,Beverages,Premium,25.130236084836493,16.524747541342816,35.1592877169082,DemandSense_v2_HighPremium
S0001,P00103,2025-11-08,26,Beverages,Premium,30.829462176284444,19.843184848858744,40.66316030225538,DemandSense_v2_HighPremium
S0001,P00103,2025-11-09,33,Beverages,Premium,27.81054124051236,18.370287957792037,36.84100250004745,DemandSense_v2_HighPremium
S0001,P00103,2025-11-10,31,Beverages,Premium,20.637027040572416,12.950502121762808,28.373643133725608,DemandSense_v2_HighPremium
S0001,P00103,2025-11-11,19,Beverages,Premium,22.23873079362848,14.661578685646605,30.546667535972738,DemandSense_v2_HighPremium
S0001,P00103,2025-11-12,25,Beverages,Premium,21.95173168288977,13.877801641616538,30.28709378149385,DemandSense_v2_HighPremium
S0001,P00103,2025-11-13,22,Beverages,Premium,23.582456060568035,15.685473635234109,31.95687141360199,DemandSense_v2_HighPremium
S0001,P00103,2025-11-14,32,Beverages,Premium,26.634408629451563,17.93949562090815,35.17699860528634,DemandSense_v2_HighPremium
S0001,P00103,2025-11-15,17,Beverages,Premium,31.68327944356236,21.202170479273818,41.2277926976554,DemandSense_v2_HighPremium
S0001,P00103,2025-11-16,31,Beverages,Premium,28.843597011014623,19.468876733454447,37.81065881063152,DemandSense_v2_HighPremium
S0001,P00103,2025-11-17,22,Beverages,Premium,21.466343585787076,14.358444241543973,29.35826187901722,DemandSense_v2_HighPremium
S0001,P00103,2025-11-18,25,Beverages,Premium,22.194489286564338,14.699582934139494,30.092875317089216,DemandSense_v2_HighPremium
S0001,P00103,2025-11-19,22,Beverages,Premium,22.62257813092136,15.198250285423676,31.077869770349512,DemandSense_v2_HighPremium
S0001,P00103,2025-11-20,25,Beverages,Premium,23.620918733695987,15.87850817983943,32.33742360041872,DemandSense_v2_HighPremium
S0001,P00103,2025-11-21,24,Beverages,Premium,26.885555604794817,18.441020452982468,35.87689240089761,DemandSense_v2_HighPremium
S0001,P00103,2025-11-22,28,Beverages,Premium,31.52387924496625,21.338825137168037,41.70829873280071,DemandSense_v2_HighPremium
S0001,P00103,2025-11-23,31,Beverages,Premium,29.12232374368485,20.275457906734392,38.1748040248204,DemandSense_v2_HighPremium
S0001,P00103,2025-11-24,25,Beverages,Premium,24.980264122256507,14.964396555839402,33.92062937415232,DemandSense_v2_HighPremium
S0001,P00103,2025-11-25,25,Beverages,Premium,24.136439384090757,15.76844859723376,34.034753194701366,DemandSense_v2_HighPremium
S0001,P00103,2025-11-26,16,Beverages,Premium,22.29710013138185,15.954900772176122,31.13520080646646,DemandSense_v2_HighPremium
S0001,P00103,2025-11-27,28,Beverages,Premium,24.781556637714942,15.804952438105683,34.3386114479532,DemandSense_v2_HighPremium
S0001,P00103,2025-11-28,38,Beverages,Premium,45.753205618275985,20.329482884212723,55.118086958162074,DemandSense_v2_HighPremium
S0001,P00103,2025-11-29,45,Beverages,Premium,33.49293143628542,23.322288449399956,41.241487269396174,DemandSense_v2_HighPremium
S0001,P00103,2025-11-30,26,Beverages,Premium,29.874340816386233,21.823059961248696,39.987165693112786,DemandSense_v2_HighPremium
S0001,P00103,2025-12-01,25,Beverages,Premium,24.289811391753325,15.979017146383198,32.50663305740207,DemandSense_v2_HighPremium
S0001,P00103,2025-12-02,37,Beverages,Premium,25.66274985522752,17.166335946653888,34.16982209154296,DemandSense_v2_HighPremium
S0001,P00103,2025-12-03,32,Beverages,Premium,26.397827856628172,17.37744833510798,34.83874100828716,DemandSense_v2_HighPremium
S0001,P00103,2025-12-04,33,Beverages,Premium,28.147942005997383,19.09375265331641,37.71943476377427,DemandSense_v2_HighPremium
S0001,P00103,2025-12-05,26,Beverages,Premium,33.161381044214906,21.82325461976638,43.17171837785872,DemandSense_v2_HighPremium
S0001,P00103,2025-12-06,46,Beverages,Premium,37.534354444308,24.116426608439237,48.108272944711786,DemandSense_v2_HighPremium
S0001,P00103,2025-12-07,38,Beverages,Premium,36.32005533032058,23.771006441442676,46.49794633136141,DemandSense_v2_HighPremium
S0001,P00103,2025-12-08,31,Beverages,Premium,26.654624775011065,18.49616738680382,35.497137158541896,DemandSense_v2_HighPremium
S0001,P00103,2025-12-09,30,Beverages,Premium,27.839360710785517,19.04903029995267,36.93436861490061,DemandSense_v2_HighPremium
S0001,P00103,2025-12-10,28,Beverages,Premium,28.222767914989717,19.435020066310766,37.28752564440001,DemandSense_v2_HighPremium
S0001,P00103,2025-12-11,36,Beverages,Premium,28.902923202337767,20.01523181773476,38.60633941039698,DemandSense_v2_HighPremium
S0001,P00103,2025-12-12,26,Beverages,Premium,34.64693442966264,23.189462820153004,45.70394190301747,DemandSense_v2_HighPremium
S0001,P00103,2025-12-13,42,Beverages,Premium,37.855965323354475,24.121760591163703,49.16688120433704,DemandSense_v2_HighPremium
S0001,P00103,2025-12-14,35,Beverages,Premium,37.66156175615449,25.2154731994858,47.8664080323036,DemandSense_v2_HighPremium
S0001,P00103,2025-12-15,23,Beverages,Premium,26.810058836018104,19.477485757894108,36.06025823106529,DemandSense_v2_HighPremium
S0001,P00103,2025-12-16,28,Beverages,Premium,28.13915800164681,20.148619172550895,37.96844947437954,DemandSense_v2_HighPremium
S0001,P00103,2025-12-17,79,Beverages,Premium,65.89371858571862,25.486145136006623,93.78960608448128,DemandSense_v2_HighPremium
S0001,P00103,2025-12-18,84,Beverages,Premium,84.00254466094916,32.15468797840667,108.3125212258007,DemandSense_v2_HighPremium
S0001,P00103,2025-12-19,98,Beverages,Premium,86.52187009004159,33.543401444652424,117.9382354305634,DemandSense_v2_HighPremium
S0001,P00103,2025-12-20,41,Beverages,Premium,43.17104320121653,26.839028205170347,57.62973498872167,DemandSense_v2_HighPremium
S0001,P00103,2025-12-21,41,Beverages,Premium,40.39287979394973,26.27338356928939,51.711999557192435,DemandSense_v2_HighPremium
S0001,P00103,2025-12-22,16,Beverages,Premium,30.16355018558595,21.00785202303686,39.849810762572226,DemandSense_v2_HighPremium
S0001,P00103,2025-12-23,36,Beverages,Premium,36.976648383052115,20.068123915430164,54.94289283310378,DemandSense_v2_HighPremium
S0001,P00103,2025-12-24,32,Beverages,Premium,49.989653321905465,21.512997097484178,62.17085370162963,DemandSense_v2_HighPremium
S0001,P00103,2025-12-25,27,Beverages,Premium,39.97867856267498,22.73244287426801,51.53440955015893,DemandSense_v2_HighPremium
S0001,P00103,2025-12-26,34,Beverages,Premium,34.95586107207535,24.33049545686868,47.48971470383765,DemandSense_v2_HighPremium
S0001,P00103,2025-12-27,46,Beverages,Premium,40.40233929303999,25.967804507789413,54.05680824368497,DemandSense_v2_HighPremium
S0001,P00103,2025-12-28,23,Beverages,Premium,37.25002879340708,25.929604840663405,50.73104263468561,DemandSense_v2_HighPremium
S0001,P00103,2025-12-29,20,Beverages,Premium,25.6133139586769,19.50664515348891,35.936909362060675,DemandSense_v2_HighPremium
S0001,P00103,2025-12-30,34,Beverages,Premium,33.621857303492256,19.83188014344731,46.95587385253524,DemandSense_v2_HighPremium
S0001,P00103,2025-12-31,34,Beverages,Premium,38.71429657453975,21.973329775166317,51.21943863969446,DemandSense_v2_HighPremium
S0001,P00106,2025-10-01,13,Beverages,Premium,5.382273734722504,1.9698442783534031,9.669749337736356,DemandSense_v2_HighPremium
S0001,P00106,2025-10-02,5,Beverages,Premium,5.989532805059328,2.093478667698089,10.497061649082283,DemandSense_v2_HighPremium
S0001,P00106,2025-10-03,5,Beverages,Premium,6.61883649391277,2.424443926662992,11.326360702115316,DemandSense_v2_HighPremium
S0001,P00106,2025-10-04,10,Beverages,Premium,8.17564643102237,3.357923908485863,13.510063405780896,DemandSense_v2_HighPremium
S0001,P00106,2025-10-05,6,Beverages,Premium,7.529805588658864,2.991173379161244,12.428016537184542,DemandSense_v2_HighPremium
S0001,P00106,2025-10-06,2,Beverages,Premium,5.515470728515864,1.9532196339702377,9.673849917721665,DemandSense_v2_HighPremium
S0001,P00106,2025-10-07,3,Beverages,Premium,5.435249677948969,2.013337058636417,9.67281623964958,DemandSense_v2_HighPremium
S0001,P00106,2025-10-08,6,Beverages,Premium,5.6232338680076275,2.051847682690775,9.965593887480104,DemandSense_v2_HighPremium
S0001,P00106,2025-10-09,7,Beverages,Premium,5.456214429414138,2.0105870484263,9.658762581491942,DemandSense_v2_HighPremium
S0001,P00106,2025-10-10,6,Beverages,Premium,6.3391654104134725,2.462178677097866,10.9895243686593,DemandSense_v2_HighPremium
S0001,P00106,2025-10-11,10,Beverages,Premium,7.5319948325126,3.1522674602887126,12.34762621314322,DemandSense_v2_HighPremium
S0001,P00106,2025-10-12,10,Beverages,Premium,7.035267508806753,2.8654209552885743,12.008528794675698,DemandSense_v2_HighPremium
S0001,P00106,2025-10-13,3,Beverages,Premium,5.4207357641663005,1.915255787704361,9.651093479084436,DemandSense_v2_HighPremium
S0001,P00106,2025-10-14,5,Beverages,Premium,5.598516008928393,2.026703744889375,9.94135011190526,DemandSense_v2_HighPremium
S0001,P00106,2025-10-15,6,Beverages,Premium,5.810003620192898,2.0849167854665738,10.263898218546409,DemandSense_v2_HighPremium
S0001,P00106,2025-10-16,1,Beverages,Premium,5.931278411101244,2.0626225205789885,10.342383841095373,DemandSense_v2_HighPremium
S0001,P00106,2025-10-17,5,Beverages,Premium,6.405152324195585,2.400953036227967,10.962272286501282,DemandSense_v2_HighPremium
S0001,P00106,2025-10-18,12,Beverages,Premium,7.51514039480258,3.1953956980834755,12.715874366096129,DemandSense_v2_HighPremium
S0001,P00106,2025-10-19,4,Beverages,Premium,7.233433187538265,2.917074964720609,12.087295663637422,DemandSense_v2_HighPremium
S0001,P00106,2025-10-20,8,Beverages,Premium,5.1308056142643155,1.8620151550905455,9.22719465598848,DemandSense_v2_HighPremium
S0001,P00106,2025-10-21,5,Beverages,Premium,5.293364171223741,1.9951390220341212,9.620590951788389,DemandSense_v2_HighPremium
S0001,P00106,2025-10-22,9,Beverages,Premium,5.397939229209563,2.0266171457047233,9.73642797514417,DemandSense_v2_HighPremium
S0001,P00106,2025-10-23,5,Beverages,Premium,5.893631760721539,2.059004046449574,10.344879837290591,DemandSense_v2_HighPremium
S0001,P00106,2025-10-24,8,Beverages,Premium,6.580385960103081,2.4463592779784844,11.160130471142809,DemandSense_v2_HighPremium
S0001,P00106,2025-10-25,8,Beverages,Premium,8.30907680961002,3.4989880198115,13.154956381143467,DemandSense_v2_HighPremium
S0001,P00106,2025-10-26,7,Beverages,Premium,7.555102662918168,3.157974248317277,12.169153827901278,DemandSense_v2_HighPremium
S0001,P00106,2025-10-27,6,Beverages,Premium,5.731453100673549,1.918772464050048,10.295138354365315,DemandSense_v2_HighPremium
S0001,P00106,2025-10-28,8,Beverages,Premium,5.627219439202554,1.9944892411355717,9.953873754929914,DemandSense_v2_HighPremium
S0001,P00106,2025-10-29,7,Beverages,Premium,6.064760464188663,2.209892698371377,10.596315179809146,DemandSense_v2_HighPremium
S0001,P00106,2025-10-30,5,Beverages,Premium,5.960272007305178,2.113584766084966,10.162025122798404,DemandSense_v2_HighPremium
S0001,P00106,2025-10-31,9,Beverages,Premium,6.710841746445692,2.6229113012439655,11.3244139941073,DemandSense_v2_HighPremium
S0001,P00106,2025-11-01,3,Beverages,Premium,9.258869344737676,4.038395833496406,14.723150330745778,DemandSense_v2_HighPremium
S0001,P00106,2025-11-02,13,Beverages,Premium,7.71505162335878,3.133193878132804,12.771069911975438,DemandSense_v2_HighPremium
S0001,P00106,2025-11-03,7,Beverages,Premium,6.14375368980675,2.192019432146812,10.549925803872185,DemandSense_v2_HighPremium
S0001,P00106,2025-11-04,5,Beverages,Premium,6.459911157088906,2.3047369102549133,11.183507696758522,DemandSense_v2_HighPremium
S0001,P00106,2025-11-05,3,Beverages,Premium,6.721260285505603,2.44044301583444,11.304011740540854,DemandSense_v2_HighPremium
S0001,P00106,2025-11-06,6,Beverages,Premium,6.631841239090632,2.4537207277913233,11.377920850477448,DemandSense_v2_HighPremium
S0001,P00106,2025-11-07,4,Beverages,Premium,7.466749546896928,3.236050960553562,12.656456729360578,DemandSense_v2_HighPremium
S0001,P00106,2025-11-08,6,Beverages,Premium,8.564241060230835,3.826804710998998,14.06519886744437,DemandSense_v2_HighPremium
S0001,P00106,2025-11-09,13,Beverages,Premium,7.8922824373135665,3.4216385865817167,12.673639371692976,DemandSense_v2_HighPremium
S0001,P00106,2025-11-10,3,Beverages,Premium,5.724222201430402,2.070776491580515,10.226700367458,DemandSense_v2_HighPremium
S0001,P00106,2025-11-11,7,Beverages,Premium,5.840954348870133,2.136458519038197,10.66531594108086,DemandSense_v2_HighPremium
S0001,P00106,2025-11-12,5,Beverages,Premium,5.990248821303688,2.2112878226953767,10.91067811376366,DemandSense_v2_HighPremium
S0001,P00106,2025-11-13,6,Beverages,Premium,6.269077094831598,2.3132243812519104,11.014210661628104,DemandSense_v2_HighPremium
S0001,P00106,2025-11-14,12,Beverages,Premium,7.343068419445773,3.2442141873865613,12.342262604523285,DemandSense_v2_HighPremium
S0001,P00106,2025-11-15,9,Beverages,Premium,9.002978810901357,4.27585796475159,14.846730540417552,DemandSense_v2_HighPremium
S0001,P00106,2025-11-16,12,Beverages,Premium,8.355018723938198,4.048776394853653,13.44813775808273,DemandSense_v2_HighPremium
S0001,P00106,2025-11-17,6,Beverages,Premium,6.474896073385129,2.4656360302652645,10.867133592954012,DemandSense_v2_HighPremium
S0001,P00106,2025-11-18,5,Beverages,Premium,6.6207349311917305,2.5123618315942493,11.10209422363101,DemandSense_v2_HighPremium
S0001,P00106,2025-11-19,5,Beverages,Premium,6.766205123415396,2.622366386330468,11.276799771431287,DemandSense_v2_HighPremium
S0001,P00106,2025-11-20,8,Beverages,Premium,6.780876075803238,2.635918502573668,11.509184053701237,DemandSense_v2_HighPremium
S0001,P00106,2025-11-21,14,Beverages,Premium,7.916199344790063,3.712550658685694,12.958987432471522,DemandSense_v2_HighPremium
S0001,P00106,2025-11-22,5,Beverages,Premium,9.175024415215528,4.8543024325198285,14.804042418983547,DemandSense_v2_HighPremium
S0001,P00106,2025-11-23,13,Beverages,Premium,8.480932504562688,4.27505723923759,13.580517189651294,DemandSense_v2_HighPremium
S0001,P00106,2025-11-24,5,Beverages,Premium,6.6025598333708375,2.55873155853271,11.004613483105771,DemandSense_v2_HighPremium
S0001,P00106,2025-11-25,10,Beverages,Premium,7.081063182782123,2.5891560289685107,11.621457294031156,DemandSense_v2_HighPremium
S0001,P00106,2025-11-26,9,Beverages,Premium,6.976066027934035,2.705338789238984,11.278598799786163,DemandSense_v2_HighPremium
S0001,P00106,2025-11-27,8,Beverages,Premium,7.321349974964579,2.9640279661611832,12.621429018371282,DemandSense_v2_HighPremium
S0001,P00106,2025-11-28,13,Beverages,Premium,15.644198817732216,5.5017959225410635,21.69398681984962,DemandSense_v2_HighPremium
S0001,P00106,2025-11-29,10,Beverages,Premium,9.387935696100287,5.973464891663434,15.35486260558565,DemandSense_v2_HighPremium
S0001,P00106,2025-11-30,10,Beverages,Premium,8.86504547650898,4.729209107005656,14.259411588104763,DemandSense_v2_HighPremium
S0001,P00106,2025-12-01,11,Beverages,Premium,7.290479181855557,3.120436045611,11.790885543036,DemandSense_v2_HighPremium
S0001,P00106,2025-12-02,8,Beverages,Premium,7.771134322674379,3.337041398084045,12.423109862905491,DemandSense_v2_HighPremium
S0001,P00106,2025-12-03,11,Beverages,Premium,7.957602723655513,3.433794347323648,12.686969065568338,DemandSense_v2_HighPremium
S0001,P00106,2025-12-04,6,Beverages,Premium,8.58657511555758,3.754247052610361,13.259923905020624,DemandSense_v2_HighPremium
S0001,P00106,2025-12-05,10,Beverages,Premium,9.46222546115468,4.439945914247829,14.918421165065542,DemandSense_v2_HighPremium
