store_id,sku_id,date,foot_traffic_tier,category,target,forecast_units,lower_bound_90,upper_bound_90,mu_daily,sigma_daily,csl,z_val,target_upto_old,target_upto_new,safety_stock_units,reorder_point,lead_time_days_avg,lead_time_days_std,reliability_score
S0001,P00055,2025-10-01,Premium,Beverages,22,24.127184012680846,15.959424238336704,32.61792948460873,24.127184012680846,5.161547399348257,0.975,1.96,25.0,35.0,41.0,428.0,16,3.2,0.747
S0001,P00055,2025-10-02,Premium,Beverages,29,24.98462495511783,16.64040107972165,33.4835009750901,24.98462495511783,5.166489981746062,0.975,1.96,25.0,36.0,41.0,441.0,16,3.2,0.747
S0001,P00055,2025-10-03,Premium,Beverages,21,28.357498847807665,19.686776732169537,37.060886498854046,28.357498847807665,5.2908131617303225,0.975,1.96,29.0,39.0,42.0,496.0,16,3.2,0.747
S0001,P00055,2025-10-04,Premium,Beverages,41,32.46862689696453,21.73299810863225,42.38322819893108,32.46862689696453,6.027113253475106,0.975,1.96,33.0,45.0,48.0,568.0,16,3.2,0.747
S0001,P00055,2025-10-05,Premium,Beverages,27,30.70249912415225,21.078883551315048,40.33577763080951,30.70249912415225,5.856096356630553,0.975,1.96,31.0,43.0,46.0,538.0,16,3.2,0.747
S0001,P00055,2025-10-06,Premium,Beverages,28,22.52238872445661,15.047140739233086,31.08548588161737,22.52238872445661,5.205530186723863,0.975,1.96,23.0,33.0,41.0,402.0,16,3.2,0.747
S0001,P00055,2025-10-07,Premium,Beverages,23,23.817773705948905,15.81168324379503,31.992422080547815,23.817773705948905,4.96939110917867,0.975,1.96,24.0,34.0,39.0,421.0,16,3.2,0.747
S0001,P00055,2025-10-08,Premium,Beverages,18,23.885069851267374,15.814965462955586,32.12409183942193,23.885069851267374,5.008524004957176,0.975,1.96,24.0,34.0,40.0,423.0,16,3.2,0.747
S0001,P00055,2025-10-09,Premium,Beverages,21,24.481814264311534,16.289982121454035,32.861930210920804,24.481814264311534,5.094295408273112,0.975,1.96,25.0,35.0,40.0,432.0,16,3.2,0.747
S0001,P00055,2025-10-10,Premium,Beverages,24,27.340182036296937,18.4081934606203,36.071455669872755,27.340182036296937,5.307765126793812,0.975,1.96,28.0,38.0,42.0,480.0,16,3.2,0.747
S0001,P00055,2025-10-11,Premium,Beverages,29,32.03780498471523,21.755741854396987,41.803037196254984,32.03780498471523,5.936311374796203,0.975,1.96,33.0,44.0,47.0,560.0,16,3.2,0.747
S0001,P00055,2025-10-12,Premium,Beverages,39,29.06368270782161,19.87816112831794,38.47623263905985,29.06368270782161,5.721914851816563,0.975,1.96,30.0,41.0,45.0,511.0,16,3.2,0.747
S0001,P00055,2025-10-13,Premium,Beverages,29,22.045267097167613,14.25485123849443,30.513874731059715,22.045267097167613,5.14808974704687,0.975,1.96,23.0,33.0,41.0,394.0,16,3.2,0.747
S0001,P00055,2025-10-14,Premium,Beverages,24,23.591134061276,15.92594021645405,32.039886893862324,23.591134061276,5.136019959019043,0.975,1.96,24.0,34.0,41.0,419.0,16,3.2,0.747
S0001,P00055,2025-10-15,Premium,Beverages,27,24.146694613378347,16.187656250492413,32.59774068514675,24.146694613378347,5.137414025391128,0.975,1.96,25.0,35.0,41.0,428.0,16,3.2,0.747
S0001,P00055,2025-10-16,Premium,Beverages,33,25.17134708828667,17.09719820283015,33.64337118086071,25.17134708828667,5.150166621625558,0.975,1.96,26.0,36.0,41.0,444.0,16,3.2,0.747
S0001,P00055,2025-10-17,Premium,Beverages,28,28.879185296534047,19.961623633047964,37.87277731461353,28.879185296534047,5.4672291903218735,0.975,1.96,29.0,40.0,43.0,506.0,16,3.2,0.747
S0001,P00055,2025-10-18,Premium,Beverages,22,34.134385916496285,23.300049120523735,43.47327730470752,34.134385916496285,5.677137622012911,0.975,1.96,35.0,46.0,45.0,592.0,16,3.2,0.747
S0001,P00055,2025-10-19,Premium,Beverages,31,30.581033438137982,20.90396168701777,40.22133492603268,30.581033438137982,5.860365646136596,0.975,1.96,31.0,43.0,46.0,536.0,16,3.2,0.747
S0001,P00055,2025-10-20,Premium,Beverages,12,23.08086358333929,15.990376564914996,31.428086656900177,23.08086358333929,5.074299740766494,0.975,1.96,24.0,34.0,40.0,410.0,16,3.2,0.747
S0001,P00055,2025-10-21,Premium,Beverages,24,23.696206371375112,15.68342865684581,31.899145879894363,23.696206371375112,4.986589366881003,0.975,1.96,24.0,34.0,40.0,420.0,16,3.2,0.747
S0001,P00055,2025-10-22,Premium,Beverages,28,24.10843617974503,16.12337662589913,32.18005750057267,24.10843617974503,4.9067606813541875,0.975,1.96,25.0,34.0,39.0,425.0,16,3.2,0.747
S0001,P00055,2025-10-23,Premium,Beverages,21,25.289260729203548,17.125659900440272,34.23750968357321,25.289260729203548,5.439665017853897,0.975,1.96,26.0,36.0,43.0,448.0,16,3.2,0.747
S0001,P00055,2025-10-24,Premium,Beverages,32,27.89834128578591,19.132372946943377,36.820789225105344,27.89834128578591,5.423980510224579,0.975,1.96,28.0,39.0,43.0,490.0,16,3.2,0.747
S0001,P00055,2025-10-25,Premium,Beverages,28,33.19309823014087,22.27865631691524,43.0131345157506,33.19309823014087,5.969626921343302,0.975,1.96,34.0,45.0,47.0,579.0,16,3.2,0.747
S0001,P00055,2025-10-26,Premium,Beverages,40,30.36113370550653,21.04385984290876,39.8006021771228,30.36113370550653,5.738278706149708,0.975,1.96,31.0,42.0,45.0,531.0,16,3.2,0.747
S0001,P00055,2025-10-27,Premium,Beverages,31,24.040167698991095,15.992217072773618,33.94839977792471,24.040167698991095,6.023241385369981,0.975,1.96,25.0,36.0,48.0,433.0,16,3.2,0.747
S0001,P00055,2025-10-28,Premium,Beverages,24,24.603600649740983,17.13330640696064,32.657208970168426,24.603600649740983,4.895810529135222,0.975,1.96,25.0,35.0,39.0,433.0,16,3.2,0.747
S0001,P00055,2025-10-29,Premium,Beverages,24,25.017925586847912,17.19006010180006,33.358661939721365,25.017925586847912,5.070356445515777,0.975,1.96,26.0,35.0,40.0,441.0,16,3.2,0.747
S0001,P00055,2025-10-30,Premium,Beverages,24,25.712824637012577,17.738962423154074,34.55678615244544,25.712824637012577,5.37626839843943,0.975,1.96,26.0,37.0,43.0,455.0,16,3.2,0.747
S0001,P00055,2025-10-31,Premium,Beverages,29,28.40738740025511,19.95306879317914,39.86431655492045,28.40738740025511,6.964698574264643,0.975,1.96,29.0,43.0,55.0,510.0,16,3.2,0.747
S0001,P00055,2025-11-01,Premium,Beverages,38,36.73195519387366,23.739923628625828,47.29193342595319,36.73195519387366,6.419439654759593,0.975,1.96,37.0,50.0,51.0,639.0,16,3.2,0.747
S0001,P00055,2025-11-02,Premium,Beverages,35,34.66431383787305,22.799335568434632,44.35501909088113,34.66431383787305,5.891006232831657,0.975,1.96,35.0,47.0,47.0,602.0,16,3.2,0.747
S0001,P00055,2025-11-03,Premium,Beverages,29,25.760146703404075,17.210327308507562,34.3228328854769,25.760146703404075,5.205280353843662,0.975,1.96,26.0,36.0,41.0,454.0,16,3.2,0.747
S0001,P00055,2025-11-04,Premium,Beverages,26,27.24187898445723,17.99681847280279,35.79130669662796,27.24187898445723,5.19722049372081,0.975,1.96,28.0,38.0,41.0,477.0,16,3.2,0.747
S0001,P00055,2025-11-05,Premium,Beverages,34,27.28387285378949,17.91974285747797,36.271967065314904,27.28387285378949,5.463887058678066,0.975,1.96,28.0,38.0,43.0,480.0,16,3.2,0.747
S0001,P00055,2025-11-06,Premium,Beverages,29,28.489689540684413,19.317127146538112,37.49847511323848,28.489689540684413,5.4764653936498915,0.975,1.96,29.0,40.0,43.0,499.0,16,3.2,0.747
S0001,P00055,2025-11-07,Premium,Beverages,36,32.855689252021996,22.263840066036167,42.66841056701291,32.855689252021996,5.965180130693566,0.975,1.96,33.0,45.0,47.0,573.0,16,3.2,0.747
S0001,P00055,2025-11-08,Premium,Beverages,32,38.98705450066063,25.23223674153248,49.699690345119755,38.98705450066063,6.512240634929557,0.975,1.96,39.0,52.0,52.0,676.0,16,3.2,0.747
S0001,P00055,2025-11-09,Premium,Beverages,31,35.738179790605585,24.39522486615435,45.82781622439768,35.738179790605585,6.1335175889313645,0.975,1.96,36.0,48.0,49.0,621.0,16,3.2,0.747
S0001,P00055,2025-11-10,Premium,Beverages,35,25.977541891839373,18.69479385801256,34.754498254221886,25.977541891839373,5.335535782603352,0.975,1.96,26.0,37.0,42.0,458.0,16,3.2,0.747
S0001,P00055,2025-11-11,Premium,Beverages,21,27.634736462747593,19.499352488352283,36.5394395488291,27.634736462747593,5.413193365399093,0.975,1.96,28.0,39.0,43.0,486.0,16,3.2,0.747
S0001,P00055,2025-11-12,Premium,Beverages,24,27.759557673842735,19.377705651505728,36.69099164206781,27.759557673842735,5.429443141778159,0.975,1.96,28.0,39.0,43.0,488.0,16,3.2,0.747
S0001,P00055,2025-11-13,Premium,Beverages,30,28.433044564081108,19.764426145744892,37.49160594883566,28.433044564081108,5.506724246051401,0.975,1.96,29.0,40.0,44.0,499.0,16,3.2,0.747
S0001,P00055,2025-11-14,Premium,Beverages,38,32.65535572593662,22.69185290098019,42.33738374908164,32.65535572593662,5.8857313210608,0.975,1.96,33.0,45.0,47.0,570.0,16,3.2,0.747
S0001,P00055,2025-11-15,Premium,Beverages,38,37.93090511270105,24.74807654818185,49.744393173001704,37.93090511270105,7.1814517083894565,0.975,1.96,38.0,53.0,57.0,664.0,16,3.2,0.747
S0001,P00055,2025-11-16,Premium,Beverages,38,35.37622901161908,24.396595462320622,46.49209933028573,35.37622901161908,6.757367974873344,0.975,1.96,36.0,49.0,53.0,620.0,16,3.2,0.747
S0001,P00055,2025-11-17,Premium,Beverages,29,26.218055468325492,18.298472202502563,35.54750761343339,26.218055468325492,5.671399480308752,0.975,1.96,27.0,38.0,45.0,465.0,16,3.2,0.747
S0001,P00055,2025-11-18,Premium,Beverages,22,27.956251690509887,19.723028680809367,37.75485588548896,27.956251690509887,5.956598294820103,0.975,1.96,28.0,40.0,47.0,495.0,16,3.2,0.747
S0001,P00055,2025-11-19,Premium,Beverages,25,28.101852595369024,19.623359404739404,38.35821845845001,28.101852595369024,6.234872865094824,0.975,1.96,29.0,41.0,49.0,499.0,16,3.2,0.747
S0001,P00055,2025-11-20,Premium,Beverages,24,28.77705598004287,20.17009262524202,38.361800826159794,28.77705598004287,5.82659261162123,0.975,1.96,29.0,41.0,46.0,507.0,16,3.2,0.747
S0001,P00055,2025-11-21,Premium,Beverages,32,33.20179214286206,22.679392946816495,43.74062844975604,33.20179214286206,6.406587420604241,0.975,1.96,34.0,46.0,51.0,583.0,16,3.2,0.747
S0001,P00055,2025-11-22,Premium,Beverages,36,38.47794052631649,25.305866445499944,50.17952747154792,38.47794052631649,7.113426714426403,0.975,1.96,39.0,53.0,56.0,672.0,16,3.2,0.747
S0001,P00055,2025-11-23,Premium,Beverages,43,35.77391674424807,24.87287148418497,46.494126995973126,35.77391674424807,6.516845137826782,0.975,1.96,36.0,49.0,52.0,625.0,16,3.2,0.747
S0001,P00055,2025-11-24,Premium,Beverages,31,36.22308402915297,19.994161897094106,39.50976999911657,36.22308402915297,1.9979853920751365,0.975,1.96,37.0,41.0,16.0,596.0,16,3.2,0.747
S0001,P00055,2025-11-25,Premium,Beverages,28,30.975782761133903,19.69937994842731,40.48079731304673,30.975782761133903,5.778124347667371,0.975,1.96,31.0,43.0,46.0,542.0,16,3.2,0.747
S0001,P00055,2025-11-26,Premium,Beverages,29,28.1992807269632,19.959529221021356,37.89934590322883,28.1992807269632,5.896696155784574,0.975,1.96,29.0,40.0,47.0,499.0,16,3.2,0.747
S0001,P00055,2025-11-27,Premium,Beverages,26,33.09255159448766,20.931355525004147,40.17402251434174,33.09255159448766,4.3048455439842455,0.975,1.96,34.0,42.0,34.0,564.0,16,3.2,0.747
S0001,P00055,2025-11-28,Premium,Beverages,41,55.23691870776912,24.20051269794927,59.91411132909714,55.23691870776912,2.8432781892571537,0.975,1.96,56.0,61.0,23.0,907.0,16,3.2,0.747
S0001,P00055,2025-11-29,Premium,Beverages,38,42.18085210253188,26.861410760296152,51.669099794406435,42.18085210253188,5.767931727583316,0.975,1.96,43.0,54.0,46.0,721.0,16,3.2,0.747
S0001,P00055,2025-11-30,Premium,Beverages,23,36.53633855677575,25.058908851322993,47.060429754229766,36.53633855677575,6.397623828239521,0.975,1.96,37.0,50.0,51.0,636.0,16,3.2,0.747
S0001,P00055,2025-12-01,Premium,Beverages,36,28.41871539385666,19.950693086898344,37.144054309688514,28.41871539385666,5.304157395642463,0.975,1.96,29.0,39.0,42.0,497.0,16,3.2,0.747
S0001,P00055,2025-12-02,Premium,Beverages,25,30.067248150070327,21.21450810429273,39.4889435432182,30.067248150070327,5.727474403129405,0.975,1.96,31.0,42.0,45.0,527.0,16,3.2,0.747
S0001,P00055,2025-12-03,Premium,Beverages,26,30.179591386626097,21.086592017551915,39.32772491713597,30.179591386626097,5.5611753984862435,0.975,1.96,31.0,42.0,44.0,527.0,16,3.2,0.747
S0001,P00055,2025-12-04,Premium,Beverages,30,30.457152062202333,20.942007495936497,41.45520117149325,30.457152062202333,6.685744139386576,0.975,1.96,31.0,44.0,53.0,541.0,16,3.2,0.747
S0001,P00055,2025-12-05,Premium,Beverages,37,34.99710904729247,24.16501448462666,45.27868223760151,34.99710904729247,6.250196468272972,0.975,1.96,35.0,48.0,50.0,610.0,16,3.2,0.747
S0001,P00055,2025-12-06,Premium,Beverages,49,41.56051885958326,26.03758698969064,53.229259618771955,41.56051885958326,7.0934594280782335,0.975,1.96,42.0,56.0,56.0,721.0,16,3.2,0.747
S0001,P00055,2025-12-07,Premium,Beverages,35,40.275939393468896,25.7034353505583,51.06774162960214,40.275939393468896,6.560366100992853,0.975,1.96,41.0,54.0,52.0,697.0,16,3.2,0.747
S0001,P00055,2025-12-08,Premium,Beverages,33,29.452773428137792,21.235010119477487,38.47534025047889,29.452773428137792,5.48484305309489,0.975,1.96,30.0,41.0,44.0,516.0,16,3.2,0.747
S0001,P00055,2025-12-09,Premium,Beverages,32,30.66964874260391,21.163009148645223,39.92767442602744,30.66964874260391,5.62797913885929,0.975,1.96,31.0,42.0,45.0,536.0,16,3.2,0.747
S0001,P00055,2025-12-10,Premium,Beverages,41,30.97622305824827,21.324742912050237,40.84180671062256,30.97622305824827,5.997315290197135,0.975,1.96,31.0,43.0,48.0,544.0,16,3.2,0.747
S0001,P00055,2025-12-11,Premium,Beverages,38,32.98424406884262,22.674022859347385,42.08231555961646,32.98424406884262,5.530742547582881,0.975,1.96,33.0,44.0,44.0,572.0,16,3.2,0.747
S0001,P00055,2025-12-12,Premium,Beverages,33,38.71666906580265,25.398295067496832,49.41988667551352,38.71666906580265,6.506515264261931,0.975,1.96,39.0,52.0,52.0,672.0,16,3.2,0.747
S0001,P00055,2025-12-13,Premium,Beverages,47,43.18468892081856,26.8119364680337,54.248420891457165,43.18468892081856,6.725672930479396,0.975,1.96,44.0,57.0,53.0,744.0,16,3.2,0.747
S0001,P00055,2025-12-14,Premium,Beverages,32,40.52989469279677,26.21554405817384,51.25837955699203,40.52989469279677,6.521875297383136,0.975,1.96,41.0,54.0,52.0,701.0,16,3.2,0.747
S0001,P00055,2025-12-15,Premium,Beverages,32,29.74871486166103,21.344185926104895,39.031058203181935,29.74871486166103,5.642761909739153,0.975,1.96,30.0,41.0,45.0,521.0,16,3.2,0.747
S0001,P00055,2025-12-16,Premium,Beverages,36,30.84577042802124,21.541822186144657,40.27609962056656,30.84577042802124,5.732722913401411,0.975,1.96,31.0,43.0,45.0,539.0,16,3.2,0.747
S0001,P00055,2025-12-17,Premium,Beverages,39,31.227841176837483,22.11236033239612,41.03517215664396,31.227841176837483,5.9619033311893475,0.975,1.96,32.0,43.0,47.0,547.0,16,3.2,0.747
S0001,P00055,2025-12-18,Premium,Beverages,35,32.7833594045575,23.16084367401745,43.27495839512496,32.7833594045575,6.3778717267887295,0.975,1.96,33.0,46.0,51.0,576.0,16,3.2,0.747
S0001,P00055,2025-12-19,Premium,Beverages,35,38.09564643427595,25.453309081322775,48.50691389227598,38.09564643427595,6.329037968389073,0.975,1.96,39.0,51.0,50.0,660.0,16,3.2,0.747
S0001,P00055,2025-12-20,Premium,Beverages,50,42.928103564805475,26.99413975570026,53.93107697166165,42.928103564805475,6.688737633347221,0.975,1.96,43.0,57.0,53.0,740.0,16,3.2,0.747
S0001,P00055,2025-12-21,Premium,Beverages,41,41.39778087106333,27.132847875299415,52.20434490408465,41.39778087106333,6.569339837702929,0.975,1.96,42.0,55.0,52.0,715.0,16,3.2,0.747
S0001,P00055,2025-12-22,Premium,Beverages,41,31.09179309408684,22.285267619887694,40.275063595468,31.09179309408684,5.582535259198271,0.975,1.96,32.0,43.0,44.0,542.0,16,3.2,0.747
S0001,P00055,2025-12-23,Premium,Beverages,30,40.8606381066763,23.047780417405296,56.82391070149675,40.8606381066763,9.704117078918207,0.975,1.96,41.0,60.0,77.0,731.0,16,3.2,0.747
S0001,P00055,2025-12-24,Premium,Beverages,41,52.679305689168274,23.1972790022158,63.963374856781954,52.679305689168274,6.859616515266675,0.975,1.96,53.0,67.0,54.0,897.0,16,3.2,0.747
S0001,P00055,2025-12-25,Premium,Beverages,34,42.00589667317533,23.84619522836412,52.139459993326206,42.00589667317533,6.160220863313603,0.975,1.96,43.0,55.0,49.0,722.0,16,3.2,0.747
S0001,P00055,2025-12-26,Premium,Beverages,48,38.67804289415731,25.772495369369818,49.39176423281921,38.67804289415731,6.512900509824866,0.975,1.96,39.0,52.0,52.0,671.0,16,3.2,0.747
S0001,P00055,2025-12-27,Premium,Beverages,56,44.95365459727024,27.273361743913178,57.75111170124048,44.95365459727024,7.779609181744825,0.975,1.96,45.0,61.0,61.0,781.0,16,3.2,0.747
S0001,P00055,2025-12-28,Premium,Beverages,47,41.4397398257611,27.277681636225054,53.085818411726905,41.4397398257611,7.079683030982251,0.975,1.96,42.0,56.0,56.0,720.0,16,3.2,0.747
S0001,P00055,2025-12-29,Premium,Beverages,28,32.200476566193444,22.311601959112537,40.462257654028996,32.200476566193444,5.022359323912189,0.975,1.96,33.0,43.0,40.0,556.0,16,3.2,0.747
S0001,P00055,2025-12-30,Premium,Beverages,29,38.97362762657915,21.55725794200593,49.60622061564467,38.97362762657915,6.463582364173569,0.975,1.96,39.0,52.0,51.0,675.0,16,3.2,0.747
S0001,P00055,2025-12-31,Premium,Beverages,35,46.17878847894605,23.243982455923657,58.945590907777635,46.17878847894605,7.760974120870262,0.975,1.96,47.0,62.0,61.0,800.0,16,3.2,0.747
S0001,P00078,2025-10-01,Premium,Beverages,5,3.0833040118700628,1.000000218452984,6.046206427765827,3.0833040118700628,1.8011564838272125,0.975,1.96,4.0,7.0,14.0,58.0,14,4.8,0.962
S0001,P00078,2025-10-02,Premium,Beverages,6,3.2636403541569683,1.0000002180625844,6.2127460182218766,3.2636403541569683,1.792769400647361,0.975,1.96,4.0,7.0,14.0,60.0,14,4.8,0.962
S0001,P00078,2025-10-03,Premium,Beverages,3,3.7470657190825314,0.9994253659797626,7.040311121927877,3.7470657190825314,2.001972889267687,0.975,1.96,4.0,8.0,15.0,68.0,14,4.8,0.962
S0001,P00078,2025-10-04,Premium,Beverages,4,4.303381085369259,0.9893266486900532,7.996783598543307,4.303381085369259,2.2452294912912145,0.975,1.96,5.0,9.0,17.0,78.0,14,4.8,0.962
S0001,P00078,2025-10-05,Premium,Beverages,6,3.946861597337203,0.9893266470088998,7.429925591032049,3.946861597337203,2.117364129905681,0.975,1.96,4.0,9.0,16.0,72.0,14,4.8,0.962
S0001,P00078,2025-10-06,Premium,Beverages,1,3.366103343279696,1.0000288665876251,6.218563333212276,3.366103343279696,1.7340182309620549,0.975,1.96,4.0,7.0,13.0,61.0,14,4.8,0.962
S0001,P00078,2025-10-07,Premium,Beverages,2,3.37639168624221,1.0000226826402607,6.408012363978025,3.37639168624221,1.8429305031828664,0.975,1.96,4.0,7.0,14.0,62.0,14,4.8,0.962
S0001,P00078,2025-10-08,Premium,Beverages,6,3.3172545328439473,1.00002073053839,6.272645090068997,3.3172545328439473,1.7965900043921277,0.975,1.96,4.0,7.0,14.0,61.0,14,4.8,0.962
S0001,P00078,2025-10-09,Premium,Beverages,7,3.5614194580350143,1.0015163096466968,6.659782356799658,3.5614194580350143,1.8835032819237956,0.975,1.96,4.0,8.0,14.0,64.0,14,4.8,0.962
S0001,P00078,2025-10-10,Premium,Beverages,3,3.9022116091030066,0.9819029539861248,7.176315853665318,3.9022116091030066,1.9903369267855997,0.975,1.96,4.0,8.0,15.0,70.0,14,4.8,0.962
S0001,P00078,2025-10-11,Premium,Beverages,6,4.439732181985375,0.9954580467430996,7.91525594946,4.439732181985375,2.11278040575965,0.975,1.96,5.0,9.0,16.0,79.0,14,4.8,0.962
S0001,P00078,2025-10-12,Premium,Beverages,2,4.238628941073526,1.0484427497190112,7.794414635040054,4.238628941073526,2.161571850435579,0.975,1.96,5.0,9.0,16.0,76.0,14,4.8,0.962
S0001,P00078,2025-10-13,Premium,Beverages,3,3.204192236681247,0.9999235419761262,6.162996010983557,3.204192236681247,1.798664908390462,0.975,1.96,4.0,7.0,14.0,59.0,14,4.8,0.962
S0001,P00078,2025-10-14,Premium,Beverages,5,3.392406711719144,1.0000775988381136,6.381155195085227,3.392406711719144,1.816868378945947,0.975,1.96,4.0,7.0,14.0,62.0,14,4.8,0.962
S0001,P00078,2025-10-15,Premium,Beverages,4,3.604686264859407,1.0168254890103892,6.768643512688562,3.604686264859407,1.923378266157541,0.975,1.96,4.0,8.0,15.0,66.0,14,4.8,0.962
S0001,P00078,2025-10-16,Premium,Beverages,4,3.553196692189145,1.014845557097442,6.682849817825808,3.553196692189145,1.9025246964356617,0.975,1.96,4.0,8.0,14.0,64.0,14,4.8,0.962
S0001,P00078,2025-10-17,Premium,Beverages,3,3.783362774211464,0.9795361429100646,7.29767016899534,3.783362774211464,2.1363570788959727,0.975,1.96,4.0,8.0,16.0,69.0,14,4.8,0.962
S0001,P00078,2025-10-18,Premium,Beverages,4,4.348006733444191,0.9934591822708374,8.244912742982258,4.348006733444191,2.368939823427396,0.975,1.96,5.0,9.0,18.0,79.0,14,4.8,0.962
S0001,P00078,2025-10-19,Premium,Beverages,9,3.998138801254284,1.0076643651081698,7.706762295390232,3.998138801254284,2.2544823672558953,0.975,1.96,4.0,9.0,17.0,73.0,14,4.8,0.962
S0001,P00078,2025-10-20,Premium,Beverages,3,3.520472558013246,0.9947207308310476,6.776494496446632,3.520472558013246,1.9793446434245503,0.975,1.96,4.0,8.0,15.0,65.0,14,4.8,0.962
S0001,P00078,2025-10-21,Premium,Beverages,8,3.6264011428577434,0.994720727349057,6.824154570421854,3.6264011428577434,1.943923056269976,0.975,1.96,4.0,8.0,15.0,66.0,14,4.8,0.962
S0001,P00078,2025-10-23,Premium,Beverages,6,3.980200120384314,1.0495182652081274,7.5585305693370195,3.980200120384314,2.1752768686642585,0.975,1.96,4.0,9.0,16.0,72.0,14,4.8,0.962
S0001,P00078,2025-10-24,Premium,Beverages,4,4.664181140048328,1.51914040545091,8.454382321309286,4.664181140048328,2.3040736664200354,0.975,1.96,5.0,10.0,17.0,83.0,14,4.8,0.962
S0001,P00078,2025-10-25,Premium,Beverages,9,5.433593988874311,1.9287190398640313,9.45658692965366,5.433593988874311,2.4455884138476285,0.975,1.96,6.0,11.0,18.0,95.0,14,4.8,0.962
S0001,P00078,2025-10-26,Premium,Beverages,6,5.475408606269532,2.1135669113207185,9.547760711653853,5.475408606269532,2.475593985036061,0.975,1.96,6.0,11.0,19.0,96.0,14,4.8,0.962
S0001,P00078,2025-10-27,Premium,Beverages,2,4.334712070743188,1.115746921535914,8.18367641484938,4.334712070743188,2.3397959538639466,0.975,1.96,5.0,9.0,18.0,79.0,14,4.8,0.962
S0001,P00078,2025-10-28,Premium,Beverages,1,4.108043500640131,1.1386630899930648,7.682861679353352,4.108043500640131,2.1731417499776424,0.975,1.96,5.0,9.0,16.0,74.0,14,4.8,0.962
S0001,P00078,2025-10-29,Premium,Beverages,3,4.130991029933051,1.1165522586281962,8.015713969613145,4.130991029933051,2.361533701933188,0.975,1.96,5.0,9.0,18.0,76.0,14,4.8,0.962
S0001,P00078,2025-10-30,Premium,Beverages,4,4.171133981845742,1.0662655625600397,7.984533122579595,4.171133981845742,2.318175769443072,0.975,1.96,5.0,9.0,18.0,77.0,14,4.8,0.962
S0001,P00078,2025-10-31,Premium,Beverages,1,4.641261142915641,1.6493387771285302,8.642559241410309,4.641261142915641,2.432400059875178,0.975,1.96,5.0,10.0,18.0,83.0,14,4.8,0.962
S0001,P00078,2025-11-01,Premium,Beverages,6,5.650502844194247,1.8906530545179805,9.5252156465123,5.650502844194247,2.355448512047449,0.975,1.96,6.0,11.0,18.0,98.0,14,4.8,0.962
S0001,P00078,2025-11-02,Premium,Beverages,5,5.107122624085835,1.9504641716132785,9.355706500956035,5.107122624085835,2.5827257610153196,0.975,1.96,6.0,11.0,19.0,91.0,14,4.8,0.962
S0001,P00078,2025-11-03,Premium,Beverages,8,4.1837381610600195,1.086203598176591,7.591096318015818,4.1837381610600195,2.071342344653981,0.975,1.96,5.0,9.0,16.0,75.0,14,4.8,0.962
S0001,P00078,2025-11-04,Premium,Beverages,1,4.244480995858943,1.144038264924633,7.859854767316815,4.244480995858943,2.1977956057494663,0.975,1.96,5.0,9.0,17.0,77.0,14,4.8,0.962
S0001,P00078,2025-11-05,Premium,Beverages,5,4.395823278477103,1.1433624792083277,8.196501235642602,4.395823278477103,2.3104425271522793,0.975,1.96,5.0,9.0,17.0,79.0,14,4.8,0.962
S0001,P00078,2025-11-06,Premium,Beverages,2,4.571942426101227,1.1999518759189614,8.53688770854803,4.571942426101227,2.410301083554287,0.975,1.96,5.0,10.0,18.0,83.0,14,4.8,0.962
S0001,P00078,2025-11-07,Premium,Beverages,3,4.9736349863585305,1.798986652259178,9.045525413646583,4.9736349863585305,2.4753133296583916,0.975,1.96,5.0,10.0,19.0,89.0,14,4.8,0.962
S0001,P00078,2025-11-08,Premium,Beverages,4,5.790946693073691,2.0201971315833256,9.647565301102963,5.790946693073691,2.344449001841504,0.975,1.96,6.0,11.0,18.0,100.0,14,4.8,0.962
S0001,P00078,2025-11-09,Premium,Beverages,8,5.209430726253109,1.9738444167636944,9.356435646219946,5.209430726253109,2.5209756352381985,0.975,1.96,6.0,11.0,19.0,92.0,14,4.8,0.962
S0001,P00078,2025-11-10,Premium,Beverages,9,3.992666040750779,0.9981766383459464,7.474352339779744,3.992666040750779,2.1165266255495223,0.975,1.96,4.0,9.0,16.0,72.0,14,4.8,0.962
S0001,P00078,2025-11-11,Premium,Beverages,9,4.391868273459011,1.1040847346340192,8.21626777575348,4.391868273459011,2.3248629193279444,0.975,1.96,5.0,9.0,18.0,80.0,14,4.8,0.962
S0001,P00078,2025-11-12,Premium,Beverages,4,4.835701014666649,1.428608869413338,8.91173217004672,4.835701014666649,2.477830489592749,0.975,1.96,5.0,10.0,19.0,87.0,14,4.8,0.962
S0001,P00078,2025-11-13,Premium,Beverages,3,4.79787166134069,1.4582973824106098,8.831737803571588,4.79787166134069,2.452198262754345,0.975,1.96,5.0,10.0,18.0,86.0,14,4.8,0.962
S0001,P00078,2025-11-14,Premium,Beverages,1,5.388979552954759,2.098708146705325,9.316444838973728,5.388979552954759,2.3875168911969418,0.975,1.96,6.0,11.0,18.0,94.0,14,4.8,0.962
S0001,P00078,2025-11-15,Premium,Beverages,4,6.205870404967036,2.3093399288031446,10.589318621299505,6.205870404967036,2.6647101619042353,0.975,1.96,7.0,12.0,20.0,107.0,14,4.8,0.962
S0001,P00078,2025-11-16,Premium,Beverages,6,5.713623792529215,2.201929174020313,10.141596391921544,5.713623792529215,2.6917766561655494,0.975,1.96,6.0,11.0,20.0,100.0,14,4.8,0.962
S0001,P00078,2025-11-17,Premium,Beverages,1,4.458828934381831,1.2326921616235549,8.029661448979759,4.458828934381831,2.1707188538589226,0.975,1.96,5.0,9.0,16.0,79.0,14,4.8,0.962
S0001,P00078,2025-11-18,Premium,Beverages,2,3.9940958717770503,1.059034382512087,7.76077667589462,3.9940958717770503,2.2897755648131124,0.975,1.96,4.0,9.0,17.0,73.0,14,4.8,0.962
S0001,P00078,2025-11-19,Premium,Beverages,7,3.960094807946213,1.0648127716077451,7.759109404694429,3.960094807946213,2.309431365804387,0.975,1.96,4.0,9.0,17.0,73.0,14,4.8,0.962
S0001,P00078,2025-11-20,Premium,Beverages,6,4.07343899577745,1.11725519088353,8.100126774560195,4.07343899577745,2.4478345159773527,0.975,1.96,5.0,9.0,18.0,76.0,14,4.8,0.962
S0001,P00078,2025-11-21,Premium,Beverages,5,4.598936647750394,1.72503718674832,8.784216346871371,4.598936647750394,2.544242978189044,0.975,1.96,5.0,10.0,19.0,84.0,14,4.8,0.962
S0001,P00078,2025-11-22,Premium,Beverages,6,5.69357257972935,2.1189910647857206,9.818542530477243,5.69357257972935,2.5075805171719723,0.975,1.96,6.0,11.0,19.0,99.0,14,4.8,0.962
S0001,P00078,2025-11-23,Premium,Beverages,5,5.298347305228187,2.079582549568489,9.263784235638536,5.298347305228187,2.4105999576962613,0.975,1.96,6.0,11.0,18.0,93.0,14,4.8,0.962
S0001,P00078,2025-11-24,Premium,Beverages,9,4.019323678363777,1.0043172601333858,7.404027776549964,4.019323678363777,2.057570880356345,0.975,1.96,5.0,9.0,16.0,73.0,14,4.8,0.962
S0001,P00078,2025-11-25,Premium,Beverages,4,4.57820838331644,1.194883281922717,8.24181245559316,4.57820838331644,2.2271149375542367,0.975,1.96,5.0,9.0,17.0,82.0,14,4.8,0.962
S0001,P00078,2025-11-26,Premium,Beverages,3,4.335132445738038,1.1722079180115572,8.308781557231244,4.335132445738038,2.4155921650414625,0.975,1.96,5.0,10.0,18.0,79.0,14,4.8,0.962
S0001,P00078,2025-11-27,Premium,Beverages,8,4.379780879222348,1.2191244322106192,8.773574042506635,4.379780879222348,2.6709988834554936,0.975,1.96,5.0,10.0,20.0,82.0,14,4.8,0.962
S0001,P00078,2025-11-28,Premium,Beverages,1,9.203279541607325,2.9854896583455868,13.747025237610217,9.203279541607325,2.7621554382996316,0.975,1.96,10.0,15.0,21.0,150.0,14,4.8,0.962
S0001,P00078,2025-11-29,Premium,Beverages,8,6.0193314100788005,2.8680772424993948,10.51182184377237,6.0193314100788005,2.7309972241298297,0.975,1.96,7.0,12.0,21.0,106.0,14,4.8,0.962
S0001,P00078,2025-11-30,Premium,Beverages,7,5.340533712428019,1.8670111149034776,9.885619195522342,5.340533712428019,2.7629698985375817,0.975,1.96,6.0,11.0,21.0,96.0,14,4.8,0.962
S0001,P00078,2025-12-01,Premium,Beverages,7,4.815945626260184,1.7689127697856608,8.534417170634606,4.815945626260184,2.2604690239358187,0.975,1.96,5.0,10.0,17.0,85.0,14,4.8,0.962
S0001,P00078,2025-12-02,Premium,Beverages,4,4.714153969696014,1.4293284180473051,8.516151343129549,4.714153969696014,2.3112446039109633,0.975,1.96,5.0,10.0,17.0,83.0,14,4.8,0.962
S0001,P00078,2025-12-03,Premium,Beverages,4,4.874350666315879,1.8230534765346136,9.076394441203597,4.874350666315879,2.5544339057068197,0.975,1.96,5.0,10.0,19.0,88.0,14,4.8,0.962
S0001,P00078,2025-12-04,Premium,Beverages,1,4.981416724557154,1.957497868417175,9.354828616774675,4.981416724557154,2.6586090530197697,0.975,1.96,5.0,11.0,20.0,90.0,14,4.8,0.962
S0001,P00078,2025-12-05,Premium,Beverages,2,5.408697678364863,2.086323164365323,9.727372668884255,5.408697678364863,2.625334340741273,0.975,1.96,6.0,11.0,20.0,96.0,14,4.8,0.962
S0001,P00078,2025-12-06,Premium,Beverages,5,6.308834965677334,2.263293479395411,10.891416955099563,6.308834965677334,2.7857641273083464,0.975,1.96,7.0,12.0,21.0,110.0,14,4.8,0.962
S0001,P00078,2025-12-07,Premium,Beverages,5,5.861261476705995,2.1542625750588376,10.367532312139986,5.861261476705995,2.7393743680449787,0.975,1.96,6.0,12.0,21.0,104.0,14,4.8,0.962
S0001,P00078,2025-12-08,Premium,Beverages,5,4.46180049236527,1.2674350242436263,8.225847583942738,4.46180049236527,2.2881745237552997,0.975,1.96,5.0,9.0,17.0,80.0,14,4.8,0.962
S0001,P00078,2025-12-09,Premium,Beverages,5,4.257396212443922,1.1132033524488132,8.01173055810874,4.257396212443922,2.2822701189451777,0.975,1.96,5.0,9.0,17.0,77.0,14,4.8,0.962
S0001,P00078,2025-12-10,Premium,Beverages,7,4.145014623947259,1.0649006089133883,7.850081190360818,4.145014623947259,2.252320101163258,0.975,1.96,5.0,9.0,17.0,76.0,14,4.8,0.962
S0001,P00078,2025-12-11,Premium,Beverages,3,4.522230495038492,1.1847761998980149,8.438063267741246,4.522230495038492,2.380445454530549,0.975,1.96,5.0,10.0,18.0,82.0,14,4.8,0.962
S0001,P00078,2025-12-12,Premium,Beverages,7,5.014713962918575,1.851529033430963,9.072008318675174,5.014713962918575,2.466440337845957,0.975,1.96,6.0,10.0,19.0,90.0,14,4.8,0.962
S0001,P00078,2025-12-13,Premium,Beverages,3,6.28614299771182,2.366299515106314,10.852254074249306,6.28614299771182,2.7757514143085023,0.975,1.96,7.0,12.0,21.0,110.0,14,4.8,0.962
S0001,P00078,2025-12-14,Premium,Beverages,6,5.719504236880127,2.1400903385078265,10.118619309731429,5.719504236880127,2.6742340868396974,0.975,1.96,6.0,11.0,20.0,101.0,14,4.8,0.962
S0001,P00078,2025-12-15,Premium,Beverages,4,4.39833357462164,1.2592784409196938,8.227352363278044,4.39833357462164,2.3276709961437105,0.975,1.96,5.0,9.0,18.0,80.0,14,4.8,0.962
S0001,P00078,2025-12-16,Premium,Beverages,2,4.46584949991478,1.652674888844837,8.308612404767826,4.46584949991478,2.336026081977536,0.975,1.96,5.0,10.0,18.0,81.0,14,4.8,0.962
S0001,P00078,2025-12-17,Premium,Beverages,7,4.50558216215223,1.6484377765663552,8.467970291099197,4.50558216215223,2.4087465829464847,0.975,1.96,5.0,10.0,18.0,82.0,14,4.8,0.962
S0001,P00078,2025-12-18,Premium,Beverages,3,4.593603187728805,1.775668265613282,8.6005271222065,4.593603187728805,2.4358200209590857,0.975,1.96,5.0,10.0,18.0,83.0,14,4.8,0.962
S0001,P00078,2025-12-19,Premium,Beverages,8,5.03687695752818,1.9526943299443904,9.305373467822152,5.03687695752818,2.59483070534588,0.975,1.96,6.0,11.0,20.0,91.0,14,4.8,0.962
S0001,P00078,2025-12-20,Premium,Beverages,6,6.145164081777136,2.3194889889664716,10.726263520788931,6.145164081777136,2.7848628808582343,0.975,1.96,7.0,12.0,21.0,108.0,14,4.8,0.962
S0001,P00078,2025-12-21,Premium,Beverages,9,5.7663758705417045,2.1980030486321973,10.06471460333133,5.7663758705417045,2.6129718740362464,0.975,1.96,6.0,11.0,20.0,101.0,14,4.8,0.962
S0001,P00078,2025-12-22,Premium,Beverages,2,4.332157663995181,1.707806606655491,8.463771026041801,4.332157663995181,2.511619065073933,0.975,1.96,5.0,10.0,19.0,80.0,14,4.8,0.962
S0001,P00078,2025-12-23,Premium,Beverages,6,6.476138703640081,1.9275331461849472,10.965089176429748,6.476138703640081,2.7288452722125633,0.975,1.96,7.0,12.0,21.0,112.0,14,4.8,0.962
S0001,P00078,2025-12-24,Premium,Beverages,5,5.924656331041604,2.4120363377949423,10.55814547921558,5.924656331041604,2.8167107283732373,0.975,1.96,6.0,12.0,21.0,104.0,14,4.8,0.962
S0001,P00078,2025-12-25,Premium,Beverages,4,5.876910431885,2.189609493721329,9.755325960493831,5.876910431885,2.357699409488652,0.975,1.96,6.0,11.0,18.0,101.0,14,4.8,0.962
S0001,P00078,2025-12-26,Premium,Beverages,5,4.77162436402504,1.783425642437272,9.201894968995893,4.77162436402504,2.6931736200430714,0.975,1.96,5.0,11.0,20.0,87.0,14,4.8,0.962
S0001,P00078,2025-12-27,Premium,Beverages,1,5.86005618859773,2.1990729927697283,10.383774264705684,5.86005618859773,2.7499805933786954,0.975,1.96,6.0,12.0,21.0,104.0,14,4.8,0.962
S0001,P00078,2025-12-28,Premium,Beverages,7,4.987667918187946,1.8548496323182333,9.303072814211776,4.987667918187946,2.623346441351872,0.975,1.96,5.0,11.0,20.0,90.0,14,4.8,0.962
S0001,P00078,2025-12-29,Premium,Beverages,5,4.072207922116776,1.3902758712527397,7.421122003349381,4.072207922116776,2.03581403114444,0.975,1.96,5.0,9.0,15.0,73.0,14,4.8,0.962
S0001,P00078,2025-12-30,Premium,Beverages,4,4.86592416493552,1.2664796805359733,8.217604109010233,4.86592416493552,2.0374954067323485,0.975,1.96,5.0,9.0,15.0,84.0,14,4.8,0.962
S0001,P00078,2025-12-31,Premium,Beverages,4,5.332611591436161,2.2720777109278516,9.260731660348217,5.332611591436161,2.3879149355088485,0.975,1.96,6.0,11.0,18.0,93.0,14,4.8,0.962
S0001,P00084,2025-10-02,Premium,Beverages,31,23.87839572181947,14.253643304831302,31.54905117894713,23.87839572181947,4.663012435943868,0.975,1.96,24.0,34.0,19.0,115.0,4,0.7,0.733
S0001,P00084,2025-10-03,Premium,Beverages,25,26.356998605598623,16.827181847546846,35.20153230404413,26.356998605598623,5.376616230058056,0.975,1.96,27.0,37.0,22.0,128.0,4,0.7,0.733
S0001,P00084,2025-10-04,Premium,Beverages,29,31.631184083898884,20.238536290062505,40.478853965699976,31.631184083898884,5.3785227244991445,0.975,1.96,32.0,43.0,22.0,149.0,4,0.7,0.733
S0001,P00084,2025-10-05,Premium,Beverages,31,29.28139980544189,19.995130146492528,38.2609250776725,29.28139980544189,5.458677977039889,0.975,1.96,30.0,40.0,22.0,140.0,4,0.7,0.733
S0001,P00084,2025-10-06,Premium,Beverages,25,22.463522489229675,15.771286344273369,31.071553810027144,22.463522489229675,5.232845787718826,0.975,1.96,23.0,33.0,21.0,111.0,4,0.7,0.733
S0001,P00084,2025-10-07,Premium,Beverages,22,22.78057806627959,15.50034741628818,30.917195469925264,22.78057806627959,4.946271977900107,0.975,1.96,23.0,33.0,20.0,112.0,4,0.7,0.733
S0001,P00084,2025-10-08,Premium,Beverages,30,22.265251698769234,14.449099408974464,30.78209542629983,22.265251698769234,5.17741260032255,0.975,1.96,23.0,33.0,21.0,111.0,4,0.7,0.733
S0001,P00084,2025-10-09,Premium,Beverages,22,22.23932574335263,13.63906649886905,30.86168044026196,22.23932574335263,5.241553007239714,0.975,1.96,23.0,33.0,21.0,110.0,4,0.7,0.733
S0001,P00084,2025-10-10,Premium,Beverages,32,25.61486753712332,17.784245135050202,35.27560535947169,25.61486753712332,5.872788949755848,0.975,1.96,26.0,38.0,24.0,127.0,4,0.7,0.733
S0001,P00084,2025-10-11,Premium,Beverages,43,31.426121141074855,20.92935193165101,41.3525566980407,31.426121141074855,6.0343073294625205,0.975,1.96,32.0,44.0,24.0,150.0,4,0.7,0.733
S0001,P00084,2025-10-12,Premium,Beverages,29,29.24447016336604,20.421288886277488,40.018626373654705,29.24447016336604,6.549639033610129,0.975,1.96,30.0,43.0,26.0,143.0,4,0.7,0.733
S0001,P00084,2025-10-13,Premium,Beverages,20,22.735316504814776,16.155011580587548,31.76469218796374,22.735316504814776,5.488982178206056,0.975,1.96,23.0,34.0,22.0,113.0,4,0.7,0.733
S0001,P00084,2025-10-14,Premium,Beverages,27,23.68297481926177,16.52045074784588,32.8922338863784,23.68297481926177,5.598333779402207,0.975,1.96,24.0,35.0,22.0,117.0,4,0.7,0.733
S0001,P00084,2025-10-15,Premium,Beverages,29,23.540421876195627,16.50153206676156,33.06303324454957,23.540421876195627,5.788821500519116,0.975,1.96,24.0,35.0,23.0,118.0,4,0.7,0.733
S0001,P00084,2025-10-16,Premium,Beverages,19,24.501556749663607,16.967813978260025,34.333621706013275,24.501556749663607,5.976939183191288,0.975,1.96,25.0,37.0,24.0,123.0,4,0.7,0.733
S0001,P00084,2025-10-17,Premium,Beverages,25,25.234242416785435,17.203328998404107,36.277580848682994,25.234242416785435,6.713275642490918,0.975,1.96,26.0,39.0,27.0,128.0,4,0.7,0.733
S0001,P00084,2025-10-18,Premium,Beverages,24,18.54173783282459,3.0851046954016295,36.1634627853414,18.54173783282459,10.712294803961589,0.975,1.96,19.0,40.0,42.0,117.0,4,0.7,0.733
S0001,P00084,2025-10-22,Premium,Beverages,23,24.103557856232488,16.38703280737055,32.99625008503615,24.103557856232488,5.405891932403443,0.975,1.96,25.0,35.0,22.0,119.0,4,0.7,0.733
S0001,P00084,2025-10-23,Premium,Beverages,29,24.322634027357697,16.473929966208292,32.87277629137505,24.322634027357697,5.1976548717430715,0.975,1.96,25.0,35.0,21.0,119.0,4,0.7,0.733
S0001,P00084,2025-10-24,Premium,Beverages,21,27.944834395600232,19.68175728371305,37.69152228988648,27.944834395600232,5.92503823360866,0.975,1.96,28.0,40.0,24.0,136.0,4,0.7,0.733
S0001,P00084,2025-10-25,Premium,Beverages,34,32.183511120376,21.539107014270364,43.070249556785214,32.183511120376,6.618078076844509,0.975,1.96,33.0,46.0,26.0,155.0,4,0.7,0.733
S0001,P00084,2025-10-26,Premium,Beverages,31,29.391130616946956,20.602620202588444,39.746184626589105,29.391130616946956,6.29486565935693,0.975,1.96,30.0,42.0,25.0,143.0,4,0.7,0.733
S0001,P00084,2025-10-27,Premium,Beverages,24,23.40905677377398,15.900113437144414,34.32059308950555,23.40905677377398,6.633152775520712,0.975,1.96,24.0,37.0,27.0,121.0,4,0.7,0.733
S0001,P00084,2025-10-28,Premium,Beverages,31,23.352295193701963,15.89615021852595,32.678625133460294,23.352295193701963,5.669501483135764,0.975,1.96,24.0,35.0,23.0,117.0,4,0.7,0.733
S0001,P00084,2025-10-29,Premium,Beverages,25,24.606577694811666,17.198912429707082,34.287176692568345,24.606577694811666,5.884862612618044,0.975,1.96,25.0,37.0,24.0,123.0,4,0.7,0.733
S0001,P00084,2025-10-30,Premium,Beverages,22,25.867848558073195,17.947664543753117,35.490628559280665,25.867848558073195,5.84971428644831,0.975,1.96,26.0,38.0,23.0,127.0,4,0.7,0.733
S0001,P00084,2025-10-31,Premium,Beverages,32,28.76821728620294,19.880363037773556,41.91280925718644,28.76821728620294,7.990633417011245,0.975,1.96,29.0,45.0,32.0,148.0,4,0.7,0.733
S0001,P00084,2025-11-01,Premium,Beverages,30,35.7689255804426,22.153932189835174,46.44491066071173,35.7689255804426,6.489960535118011,0.975,1.96,36.0,49.0,26.0,170.0,4,0.7,0.733
S0001,P00084,2025-11-02,Premium,Beverages,33,33.7900472353864,22.134747009851313,43.655495382822465,33.7900472353864,5.9972329163745055,0.975,1.96,34.0,46.0,24.0,160.0,4,0.7,0.733
S0001,P00084,2025-11-03,Premium,Beverages,20,25.697362662837836,16.880016247629804,34.38033554755845,25.697362662837836,5.278402969435025,0.975,1.96,26.0,37.0,21.0,124.0,4,0.7,0.733
S0001,P00084,2025-11-04,Premium,Beverages,24,26.578583526520443,17.704430093194926,35.40024148294225,26.578583526520443,5.362710003903834,0.975,1.96,27.0,38.0,22.0,129.0,4,0.7,0.733
S0001,P00084,2025-11-05,Premium,Beverages,34,26.602445697699753,17.546204717328287,35.59272741056887,26.602445697699753,5.465216846728946,0.975,1.96,27.0,38.0,22.0,129.0,4,0.7,0.733
S0001,P00084,2025-11-06,Premium,Beverages,32,27.60433216050652,18.664701650847352,36.95373649544129,27.60433216050652,5.683528471084967,0.975,1.96,28.0,39.0,23.0,134.0,4,0.7,0.733
S0001,P00084,2025-11-07,Premium,Beverages,25,31.70906749514983,20.7463498076649,41.84564843147913,31.70906749514983,6.16205528044334,0.975,1.96,32.0,44.0,25.0,152.0,4,0.7,0.733
S0001,P00084,2025-11-08,Premium,Beverages,21,27.995402917976456,4.610729935920419,42.8143745700217,27.995402917976456,9.008493405498628,0.975,1.96,28.0,46.0,36.0,148.0,4,0.7,0.733
S0001,P00084,2025-11-19,Premium,Beverages,23,25.792657197093504,17.34136518750719,34.7987531023956,25.792657197093504,5.474830337569664,0.975,1.96,26.0,37.0,22.0,126.0,4,0.7,0.733
S0001,P00084,2025-11-20,Premium,Beverages,24,26.25911202024657,17.74870953508659,35.822465862822156,26.25911202024657,5.8135889620520285,0.975,1.96,27.0,38.0,23.0,129.0,4,0.7,0.733
S0001,P00084,2025-11-21,Premium,Beverages,20,29.74137946621463,19.81929970338869,39.849401987741366,29.74137946621463,6.144694541961541,0.975,1.96,30.0,42.0,25.0,144.0,4,0.7,0.733
S0001,P00084,2025-11-22,Premium,Beverages,30,33.429889247283214,22.60770158814004,43.847255822761774,33.429889247283214,6.332745638588791,0.975,1.96,34.0,46.0,25.0,159.0,4,0.7,0.733
S0001,P00084,2025-11-23,Premium,Beverages,42,30.556673176168974,20.536601670497426,39.83613123170307,30.556673176168974,5.6410079364948915,0.975,1.96,31.0,42.0,23.0,146.0,4,0.7,0.733
S0001,P00084,2025-11-24,Premium,Beverages,18,31.728900419651747,16.762532653453828,37.607765938250466,31.728900419651747,3.5737784307590994,0.975,1.96,32.0,39.0,15.0,142.0,4,0.7,0.733
S0001,P00084,2025-11-25,Premium,Beverages,24,27.017856851594043,16.44201028113525,36.82425540999389,27.017856851594043,5.96133650966556,0.975,1.96,28.0,39.0,24.0,133.0,4,0.7,0.733
S0001,P00084,2025-11-26,Premium,Beverages,25,23.982798426018668,16.779816490038385,32.96097944956003,23.982798426018668,5.4578608045844135,0.975,1.96,24.0,35.0,22.0,118.0,4,0.7,0.733
S0001,P00084,2025-11-27,Premium,Beverages,28,27.36576379859746,17.419167745055532,36.85949693522023,27.36576379859746,5.771266344451531,0.975,1.96,28.0,39.0,23.0,133.0,4,0.7,0.733
S0001,P00084,2025-11-28,Premium,Beverages,20,47.59840567911787,21.601227329497583,54.13893052255822,47.59840567911787,3.9760029443406393,0.975,1.96,48.0,56.0,16.0,207.0,4,0.7,0.733
S0001,P00084,2025-11-29,Premium,Beverages,23,33.75811394027946,24.38662897701263,43.19437986303627,33.75811394027946,5.73633186793727,0.975,1.96,34.0,46.0,23.0,159.0,4,0.7,0.733
S0001,P00084,2025-11-30,Premium,Beverages,35,29.673695172641875,20.69238346929782,39.34115100815249,29.673695172641875,5.876872848334719,0.975,1.96,30.0,42.0,24.0,143.0,4,0.7,0.733
S0001,P00084,2025-12-01,Premium,Beverages,35,24.865568994938233,16.188622704677602,33.028992578880846,24.865568994938233,4.962567528232592,0.975,1.96,25.0,35.0,20.0,120.0,4,0.7,0.733
S0001,P00084,2025-12-02,Premium,Beverages,37,26.860093606408967,17.394565995624944,35.21470397090396,26.860093606408967,5.0787904951337355,0.975,1.96,27.0,37.0,20.0,128.0,4,0.7,0.733
S0001,P00084,2025-12-03,Premium,Beverages,30,27.55726040350046,18.254470737702132,36.02736789916832,27.55726040350046,5.149001517123318,0.975,1.96,28.0,38.0,21.0,132.0,4,0.7,0.733
S0001,P00084,2025-12-04,Premium,Beverages,32,28.377499276572863,19.07429967548018,37.782589794212086,28.377499276572863,5.717380253884024,0.975,1.96,29.0,40.0,23.0,137.0,4,0.7,0.733
S0001,P00084,2025-12-05,Premium,Beverages,39,32.490821731293764,21.456012610704985,41.9836518124502,32.490821731293764,5.770717374563182,0.975,1.96,33.0,44.0,23.0,153.0,4,0.7,0.733
S0001,P00084,2025-12-06,Premium,Beverages,3,26.598956136003547,4.107301674686883,43.966073451654125,26.598956136003547,10.557518125015548,0.975,1.96,27.0,48.0,42.0,149.0,4,0.7,0.733
S0001,P00084,2025-12-15,Premium,Beverages,32,26.755373481651723,16.926872909481855,34.998620903418214,26.755373481651723,5.011092657608809,0.975,1.96,27.0,37.0,20.0,128.0,4,0.7,0.733
S0001,P00084,2025-12-16,Premium,Beverages,33,26.362548345241695,18.33725675557132,35.21059065144627,26.362548345241695,5.37874912231281,0.975,1.96,27.0,37.0,22.0,128.0,4,0.7,0.733
S0001,P00084,2025-12-17,Premium,Beverages,36,26.683335690902716,18.540692754049765,35.80073433603,26.683335690902716,5.542491577584973,0.975,1.96,27.0,38.0,22.0,129.0,4,0.7,0.733
S0001,P00084,2025-12-18,Premium,Beverages,44,27.528179944992317,19.489921208620935,36.9391061283195,27.528179944992317,5.720927771019565,0.975,1.96,28.0,39.0,23.0,134.0,4,0.7,0.733
S0001,P00084,2025-12-19,Premium,Beverages,31,32.99784515037168,22.004841839429975,42.03884580770775,32.99784515037168,5.49604903181524,0.975,1.96,33.0,44.0,22.0,154.0,4,0.7,0.733
S0001,P00084,2025-12-20,Premium,Beverages,30,36.787808593524154,24.48158669377487,46.66863327085164,36.787808593524154,6.006580350958959,0.975,1.96,37.0,49.0,24.0,172.0,4,0.7,0.733
S0001,P00084,2025-12-21,Premium,Beverages,38,34.36162414970893,23.454362647717133,44.414341726329056,34.36162414970893,6.11107451466269,0.975,1.96,35.0,47.0,24.0,162.0,4,0.7,0.733
S0001,P00084,2025-12-22,Premium,Beverages,23,25.59175980698844,19.341068756073724,35.667093315022626,25.59175980698844,6.124822801236588,0.975,1.96,26.0,38.0,25.0,128.0,4,0.7,0.733
S0001,P00084,2025-12-23,Premium,Beverages,31,35.13025435019616,19.4746470780019,50.88918620649249,35.13025435019616,9.57989778498257,0.975,1.96,36.0,54.0,38.0,179.0,4,0.7,0.733
S0001,P00084,2025-12-24,Premium,Beverages,26,44.22913674419301,20.45817848138265,53.91271742626529,44.22913674419301,5.886675186670076,0.975,1.96,45.0,56.0,24.0,201.0,4,0.7,0.733
S0001,P00084,2025-12-25,Premium,Beverages,29,32.13506719179893,20.72212198030589,41.26406333285445,32.13506719179893,5.54954172708542,0.975,1.96,33.0,44.0,22.0,151.0,4,0.7,0.733
S0001,P00084,2025-12-26,Premium,Beverages,41,30.498571878707143,22.361409811520453,40.05217181996076,30.498571878707143,5.807659538755997,0.975,1.96,31.0,42.0,23.0,145.0,4,0.7,0.733
S0001,P00084,2025-12-27,Premium,Beverages,50,36.73231825451129,24.665918735411108,48.07290204358112,36.73231825451129,6.893971908249133,0.975,1.96,37.0,51.0,28.0,175.0,4,0.7,0.733
S0001,P00084,2025-12-28,Premium,Beverages,15,20.873837752780027,3.9570481014155505,41.95106444883273,20.873837752780027,12.812903766597389,0.975,1.96,21.0,46.0,51.0,135.0,4,0.7,0.733
S0001,P00096,2025-10-01,Premium,Beverages,22,25.200062341570963,16.4380756745157,33.883902594475096,25.200062341570963,5.278930244926524,0.975,1.96,26.0,36.0,46.0,525.0,19,1.4,0.734
S0001,P00096,2025-10-02,Premium,Beverages,29,26.18759312612062,16.87382921031515,35.098588555047975,26.18759312612062,5.417018497828178,0.975,1.96,27.0,37.0,47.0,545.0,19,1.4,0.734
S0001,P00096,2025-10-03,Premium,Beverages,27,29.29205292894436,19.931168973059503,38.43904835504637,29.29205292894436,5.560483541703347,0.975,1.96,30.0,41.0,48.0,605.0,19,1.4,0.734
S0001,P00096,2025-10-04,Premium,Beverages,27,35.19001855577122,23.43967508326227,45.093247332366694,35.19001855577122,6.020199864191778,0.975,1.96,36.0,47.0,52.0,721.0,19,1.4,0.734
S0001,P00096,2025-10-05,Premium,Beverages,33,31.221424288028516,21.534716801234257,40.829476555971546,31.221424288028516,5.840761257108225,0.975,1.96,32.0,43.0,50.0,644.0,19,1.4,0.734
S0001,P00096,2025-10-06,Premium,Beverages,23,23.32442258502757,15.737236751952729,31.842391652730736,23.32442258502757,5.178096697691896,0.975,1.96,24.0,34.0,45.0,489.0,19,1.4,0.734
S0001,P00096,2025-10-07,Premium,Beverages,12,24.39056049601901,16.344340074654944,32.59780851519885,24.39056049601901,4.989208522297777,0.975,1.96,25.0,35.0,43.0,507.0,19,1.4,0.734
S0001,P00096,2025-10-08,Premium,Beverages,26,24.07895821357063,15.588258461526776,32.551894941270156,24.07895821357063,5.150721415014909,0.975,1.96,25.0,35.0,45.0,503.0,19,1.4,0.734
S0001,P00096,2025-10-09,Premium,Beverages,17,25.46808267529271,16.726717694221115,34.109964022975625,25.46808267529271,5.253423311661346,0.975,1.96,26.0,36.0,45.0,529.0,19,1.4,0.734
S0001,P00096,2025-10-10,Premium,Beverages,37,27.326707614616215,18.22087479089133,36.626977613447366,27.326707614616215,5.653659573757539,0.975,1.96,28.0,39.0,49.0,569.0,19,1.4,0.734
S0001,P00096,2025-10-11,Premium,Beverages,30,33.899320509727225,22.612227098646112,43.779555615899305,33.899320509727225,6.0062219490407776,0.975,1.96,34.0,46.0,52.0,697.0,19,1.4,0.734
S0001,P00096,2025-10-12,Premium,Beverages,39,30.71753458549967,21.283311445096853,40.43711226214914,30.71753458549967,5.908557858145575,0.975,1.96,31.0,43.0,51.0,635.0,19,1.4,0.734
S0001,P00096,2025-10-13,Premium,Beverages,24,23.206776518849463,15.67500710946286,31.55209763842008,23.206776518849463,5.0731435377328955,0.975,1.96,24.0,34.0,44.0,485.0,19,1.4,0.734
S0001,P00096,2025-10-14,Premium,Beverages,28,24.378864669564503,16.167579239343944,32.65479305412006,24.378864669564503,5.030959504289093,0.975,1.96,25.0,35.0,43.0,507.0,19,1.4,0.734
S0001,P00096,2025-10-15,Premium,Beverages,29,24.66112514108199,16.630913034150407,33.0768038215824,24.66112514108199,5.115914091489612,0.975,1.96,25.0,35.0,44.0,513.0,19,1.4,0.734
S0001,P00096,2025-10-16,Premium,Beverages,28,25.66183609958844,17.565036007290338,34.27132812725853,25.66183609958844,5.233733755422547,0.975,1.96,26.0,36.0,45.0,533.0,19,1.4,0.734
S0001,P00096,2025-10-17,Premium,Beverages,33,28.916380505461554,20.387191188852647,38.04769586377768,28.916380505461554,5.55095158560251,0.975,1.96,29.0,40.0,48.0,598.0,19,1.4,0.734
S0001,P00096,2025-10-18,Premium,Beverages,33,34.54739804319645,23.49616043126344,43.9446717326217,34.54739804319645,5.71262838262933,0.975,1.96,35.0,46.0,49.0,706.0,19,1.4,0.734
S0001,P00096,2025-10-19,Premium,Beverages,39,31.51052605450633,22.183894855446812,40.87550650365774,31.51052605450633,5.692997233526693,0.975,1.96,32.0,43.0,49.0,648.0,19,1.4,0.734
S0001,P00096,2025-10-20,Premium,Beverages,27,23.814730646802,16.613165610300218,32.16214836887378,23.814730646802,5.0744180681287405,0.975,1.96,24.0,34.0,44.0,497.0,19,1.4,0.734
S0001,P00096,2025-10-21,Premium,Beverages,22,24.249047304500085,16.80727996931921,32.41750986478836,24.249047304500085,4.965630735737552,0.975,1.96,25.0,34.0,43.0,504.0,19,1.4,0.734
S0001,P00096,2025-10-22,Premium,Beverages,20,24.946168455317764,16.974004329248643,33.518071612225064,24.946168455317764,5.210883378059149,0.975,1.96,25.0,36.0,45.0,519.0,19,1.4,0.734
S0001,P00096,2025-10-23,Premium,Beverages,30,25.58960010466628,17.38158265634531,34.3607942209914,25.58960010466628,5.3320328974620805,0.975,1.96,26.0,37.0,46.0,533.0,19,1.4,0.734
S0001,P00096,2025-10-24,Premium,Beverages,26,28.468756467976693,19.605993450413244,38.4136270240614,28.468756467976693,6.045514015856964,0.975,1.96,29.0,41.0,52.0,593.0,19,1.4,0.734
S0001,P00096,2025-10-25,Premium,Beverages,40,35.09232873611726,23.868446057933113,45.624261862143285,35.09232873611726,6.402390958070532,0.975,1.96,36.0,48.0,55.0,722.0,19,1.4,0.734
S0001,P00096,2025-10-26,Premium,Beverages,40,31.95184897130743,22.983289181194976,41.70782681169043,31.95184897130743,5.930685617254103,0.975,1.96,32.0,44.0,51.0,659.0,19,1.4,0.734
S0001,P00096,2025-10-27,Premium,Beverages,17,24.887894105805124,16.751894066897982,35.03568519833162,24.887894105805124,6.1688699650617,0.975,1.96,25.0,37.0,53.0,526.0,19,1.4,0.734
S0001,P00096,2025-10-28,Premium,Beverages,17,24.96572811911789,16.89426457617753,33.56943902907857,24.96572811911789,5.23021939815239,0.975,1.96,25.0,36.0,45.0,520.0,19,1.4,0.734
S0001,P00096,2025-10-29,Premium,Beverages,14,25.187407597528185,16.789941615682498,34.301684182639406,25.187407597528185,5.540593668760622,0.975,1.96,26.0,37.0,48.0,527.0,19,1.4,0.734
S0001,P00096,2025-10-30,Premium,Beverages,20,25.898184977206764,16.919591728258336,35.400139157207555,25.898184977206764,5.776263939210207,0.975,1.96,26.0,38.0,50.0,543.0,19,1.4,0.734
S0001,P00096,2025-10-31,Premium,Beverages,30,28.598977125336233,19.07836173895929,40.11628578079546,28.598977125336233,7.001403437969134,0.975,1.96,29.0,43.0,60.0,604.0,19,1.4,0.734
S0001,P00096,2025-11-01,Premium,Beverages,43,36.631955518128855,23.559153284757727,47.08449204295767,36.631955518128855,6.354125547008398,0.975,1.96,37.0,50.0,55.0,752.0,19,1.4,0.734
S0001,P00096,2025-11-02,Premium,Beverages,44,35.10696549152465,22.893856200697847,43.84599400007359,35.10696549152465,5.312479336503915,0.975,1.96,36.0,46.0,46.0,714.0,19,1.4,0.734
S0001,P00096,2025-11-03,Premium,Beverages,24,25.8615601374641,17.406212435725415,35.149638742220105,25.8615601374641,5.64624839194894,0.975,1.96,26.0,37.0,49.0,541.0,19,1.4,0.734
S0001,P00096,2025-11-04,Premium,Beverages,31,26.78755899704911,16.559277870454633,35.61264587773946,26.78755899704911,5.364794456346717,0.975,1.96,27.0,38.0,46.0,555.0,19,1.4,0.734
S0001,P00096,2025-11-05,Premium,Beverages,20,28.13551712964443,19.019159216108157,37.8093683413045,28.13551712964443,5.880760614990921,0.975,1.96,29.0,40.0,51.0,586.0,19,1.4,0.734
S0001,P00096,2025-11-06,Premium,Beverages,25,28.66828502488407,19.101180765457865,38.54927994590216,28.66828502488407,6.0066838425641835,0.975,1.96,29.0,41.0,52.0,597.0,19,1.4,0.734
S0001,P00096,2025-11-07,Premium,Beverages,31,33.1369715128269,22.37632136110059,43.87848886401891,33.1369715128269,6.529797781879645,0.975,1.96,34.0,46.0,56.0,686.0,19,1.4,0.734
S0001,P00096,2025-11-08,Premium,Beverages,47,38.53485007837416,25.280272047797126,49.295368407691555,38.53485007837416,6.541348528460425,0.975,1.96,39.0,52.0,56.0,789.0,19,1.4,0.734
S0001,P00096,2025-11-09,Premium,Beverages,34,36.546165505582394,24.819274936176058,46.75756369134772,36.546165505582394,6.207536891042751,0.975,1.96,37.0,49.0,54.0,749.0,19,1.4,0.734
S0001,P00096,2025-11-10,Premium,Beverages,23,26.165411174393427,18.454927664611535,35.37087421159269,26.165411174393427,5.596026162431165,0.975,1.96,27.0,38.0,48.0,546.0,19,1.4,0.734
S0001,P00096,2025-11-11,Premium,Beverages,27,27.589182410209244,19.19421228753116,36.98020891505771,27.589182410209244,5.7088307020355415,0.975,1.96,28.0,39.0,49.0,574.0,19,1.4,0.734
S0001,P00096,2025-11-12,Premium,Beverages,31,27.53909672954224,18.58381432698178,36.94691610354966,27.53909672954224,5.71903913313521,0.975,1.96,28.0,39.0,49.0,573.0,19,1.4,0.734
S0001,P00096,2025-11-13,Premium,Beverages,28,28.76898717229516,20.21318732210621,38.18368075495547,28.76898717229516,5.723217983380127,0.975,1.96,29.0,40.0,49.0,596.0,19,1.4,0.734
S0001,P00096,2025-11-14,Premium,Beverages,39,32.96285247062469,22.799659107856822,43.433827895084214,32.96285247062469,6.365334604534666,0.975,1.96,33.0,46.0,55.0,682.0,19,1.4,0.734
S0001,P00096,2025-11-15,Premium,Beverages,47,38.30419762671577,25.425690265438966,50.62625254451614,38.30419762671577,7.490610892279862,0.975,1.96,39.0,53.0,64.0,792.0,19,1.4,0.734
S0001,P00096,2025-11-16,Premium,Beverages,35,35.615774329815494,24.982348471675323,48.01573052993596,35.615774329815494,7.537967294906057,0.975,1.96,36.0,51.0,65.0,742.0,19,1.4,0.734
S0001,P00096,2025-11-17,Premium,Beverages,32,26.187980247234403,19.14000315425809,36.102072309698094,26.187980247234403,6.026803685388262,0.975,1.96,27.0,39.0,52.0,550.0,19,1.4,0.734
S0001,P00096,2025-11-18,Premium,Beverages,28,27.91188957328501,20.035085708317503,37.41688532366716,27.91188957328501,5.778112918165443,0.975,1.96,28.0,40.0,50.0,581.0,19,1.4,0.734
S0001,P00096,2025-11-19,Premium,Beverages,38,28.13795264278358,19.677555394891247,37.62367769968903,28.13795264278358,5.7663982108847724,0.975,1.96,29.0,40.0,50.0,585.0,19,1.4,0.734
S0001,P00096,2025-11-20,Premium,Beverages,19,29.76211716175594,21.48590729081713,39.4936747953572,29.76211716175594,5.915840506748488,0.975,1.96,30.0,42.0,51.0,617.0,19,1.4,0.734
S0001,P00096,2025-11-21,Premium,Beverages,30,32.96703277949979,22.306066934600945,44.6368175394356,32.96703277949979,7.094094078988333,0.975,1.96,33.0,47.0,61.0,688.0,19,1.4,0.734
S0001,P00096,2025-11-22,Premium,Beverages,48,38.42025027105852,25.62605663023797,50.290070148870335,38.42025027105852,7.215695974353686,0.975,1.96,39.0,53.0,62.0,792.0,19,1.4,0.734
S0001,P00096,2025-11-23,Premium,Beverages,43,36.1861731911225,25.282676972133384,48.045353595803064,36.1861731911225,7.209228209532259,0.975,1.96,37.0,51.0,62.0,750.0,19,1.4,0.734
S0001,P00096,2025-11-24,Premium,Beverages,20,36.70692907910203,19.389110474528877,39.34242457823795,36.70692907910203,1.602124923486882,0.975,1.96,37.0,40.0,14.0,712.0,19,1.4,0.734
S0001,P00096,2025-11-25,Premium,Beverages,27,30.736647488805108,18.992890769126756,40.87587677047936,30.736647488805108,6.163665216823253,0.975,1.96,31.0,43.0,53.0,637.0,19,1.4,0.734
S0001,P00096,2025-11-26,Premium,Beverages,31,28.463832028565054,19.73145910271876,38.32362514185324,28.463832028565054,5.993795205646315,0.975,1.96,29.0,41.0,52.0,593.0,19,1.4,0.734
S0001,P00096,2025-11-27,Premium,Beverages,29,33.7653783549496,20.96082870997452,41.299570636209445,33.7653783549496,4.580056098030303,0.975,1.96,34.0,43.0,40.0,682.0,19,1.4,0.734
S0001,P00096,2025-11-28,Premium,Beverages,41,60.29049822135307,24.82019124487942,64.48928599385253,60.29049822135307,2.5524545729479984,0.975,1.96,61.0,66.0,22.0,1168.0,19,1.4,0.734
S0001,P00096,2025-11-29,Premium,Beverages,30,43.0564341075683,26.813870778373225,52.90429291968603,43.0564341075683,5.986540311317768,0.975,1.96,44.0,55.0,52.0,871.0,19,1.4,0.734
S0001,P00096,2025-11-30,Premium,Beverages,31,35.926782875345715,25.024132328293604,47.30933652981184,35.926782875345715,6.919485504234724,0.975,1.96,36.0,50.0,60.0,743.0,19,1.4,0.734
S0001,P00096,2025-12-01,Premium,Beverages,40,28.98837317672936,20.10536611320831,37.62840272598707,28.98837317672936,5.252297598332958,0.975,1.96,29.0,40.0,45.0,596.0,19,1.4,0.734
S0001,P00096,2025-12-02,Premium,Beverages,32,30.997984444614005,21.719525428614467,40.48490545533735,30.997984444614005,5.767125234482275,0.975,1.96,31.0,43.0,50.0,639.0,19,1.4,0.734
S0001,P00096,2025-12-03,Premium,Beverages,25,31.080690666510932,21.33006033715187,40.82888979871155,31.080690666510932,5.9259569192708925,0.975,1.96,32.0,43.0,51.0,642.0,19,1.4,0.734
S0001,P00096,2025-12-04,Premium,Beverages,40,31.71400172643764,21.343430292252386,42.50507504238867,31.71400172643764,6.559922988420078,0.975,1.96,32.0,45.0,57.0,660.0,19,1.4,0.734
S0001,P00096,2025-12-05,Premium,Beverages,32,38.651802543806184,25.32773328470115,49.90340521582578,38.651802543806184,6.839880043780908,0.975,1.96,39.0,53.0,59.0,794.0,19,1.4,0.734
S0001,P00096,2025-12-06,Premium,Beverages,49,42.88108949247245,26.520344345632715,55.19159339560762,42.88108949247245,7.483588998866365,0.975,1.96,43.0,58.0,64.0,879.0,19,1.4,0.734
S0001,P00096,2025-12-07,Premium,Beverages,39,41.21539797493072,26.518448899076585,52.25758733533636,41.21539797493072,6.712577118787621,0.975,1.96,42.0,55.0,58.0,842.0,19,1.4,0.734
S0001,P00096,2025-12-08,Premium,Beverages,25,29.925605003977644,21.190738306573977,38.887964607598185,29.925605003977644,5.448242920134067,0.975,1.96,30.0,41.0,47.0,616.0,19,1.4,0.734
S0001,P00096,2025-12-09,Premium,Beverages,31,31.54562107171973,21.76972467343107,41.19124606352506,31.54562107171973,5.863601818726645,0.975,1.96,32.0,44.0,51.0,651.0,19,1.4,0.734
S0001,P00096,2025-12-10,Premium,Beverages,27,32.26706395664956,22.257664879022,43.0586867968075,32.26706395664956,6.560257045688719,0.975,1.96,33.0,46.0,57.0,671.0,19,1.4,0.734
S0001,P00096,2025-12-11,Premium,Beverages,35,32.50853356013992,22.418804242123073,42.22944785546627,32.50853356013992,5.909370392295655,0.975,1.96,33.0,45.0,51.0,669.0,19,1.4,0.734
S0001,P00096,2025-12-12,Premium,Beverages,41,38.45698615240025,25.47547373528888,49.60702640941702,38.45698615240025,6.778139973870377,0.975,1.96,39.0,52.0,58.0,789.0,19,1.4,0.734
S0001,P00096,2025-12-13,Premium,Beverages,58,44.55132864351336,27.089626507964372,55.99087488311957,44.55132864351336,6.954131452648151,0.975,1.96,45.0,59.0,60.0,907.0,19,1.4,0.734
S0001,P00096,2025-12-14,Premium,Beverages,48,41.70939093744039,27.209308666770173,52.25172588518718,41.70939093744039,6.408714253949415,0.975,1.96,42.0,55.0,55.0,848.0,19,1.4,0.734
S0001,P00096,2025-12-15,Premium,Beverages,30,30.99316698814845,22.05717379173972,40.131637472725835,30.99316698814845,5.555301206430022,0.975,1.96,31.0,42.0,48.0,637.0,19,1.4,0.734
S0001,P00096,2025-12-16,Premium,Beverages,37,32.24939659016438,22.39813328242728,42.924355522688835,32.24939659016438,6.489336737096933,0.975,1.96,33.0,45.0,56.0,669.0,19,1.4,0.734
S0001,P00096,2025-12-17,Premium,Beverages,35,33.466238856596135,22.703743091221565,44.01080672198033,33.466238856596135,6.41007165068948,0.975,1.96,34.0,47.0,55.0,691.0,19,1.4,0.734
S0001,P00096,2025-12-18,Premium,Beverages,33,33.861397011545684,23.03009783979096,44.448037356014915,33.861397011545684,6.435647625817162,0.975,1.96,34.0,47.0,55.0,699.0,19,1.4,0.734
S0001,P00096,2025-12-19,Premium,Beverages,48,39.66996681191821,25.85858718895652,49.78286693981338,39.66996681191821,6.147659652215911,0.975,1.96,40.0,52.0,53.0,807.0,19,1.4,0.734
S0001,P00096,2025-12-20,Premium,Beverages,45,45.56504418345469,27.335917011425007,57.02033183066613,45.56504418345469,6.963700697392974,0.975,1.96,46.0,60.0,60.0,926.0,19,1.4,0.734
S0001,P00096,2025-12-21,Premium,Beverages,41,41.885138566578625,27.120986406488925,52.40955468872348,41.885138566578625,6.397821350847937,0.975,1.96,42.0,55.0,55.0,851.0,19,1.4,0.734
S0001,P00096,2025-12-22,Premium,Beverages,31,30.33465778446919,21.578964270042924,39.54033958434183,30.33465778446919,5.596159148858748,0.975,1.96,31.0,42.0,48.0,625.0,19,1.4,0.734
S0001,P00096,2025-12-23,Premium,Beverages,39,41.39929517809723,22.81577003171589,57.35985244226211,41.39929517809723,9.702466421984727,0.975,1.96,42.0,61.0,83.0,870.0,19,1.4,0.734
S0001,P00096,2025-12-24,Premium,Beverages,30,54.47397759621768,23.153242516628875,64.41521130013604,54.47397759621768,6.043303163476205,0.975,1.96,55.0,67.0,52.0,1088.0,19,1.4,0.734
S0001,P00096,2025-12-25,Premium,Beverages,39,42.203738847560594,23.71034548531749,52.76869309835038,42.203738847560594,6.422464590145768,0.975,1.96,43.0,55.0,55.0,857.0,19,1.4,0.734
S0001,P00096,2025-12-26,Premium,Beverages,44,39.04038606457364,25.881729985804476,50.38229595155535,39.04038606457364,6.894778046797392,0.975,1.96,40.0,53.0,59.0,801.0,19,1.4,0.734
S0001,P00096,2025-12-27,Premium,Beverages,56,44.524507639619664,27.241474019817534,57.27265320475417,44.524507639619664,7.749632562391797,0.975,1.96,45.0,60.0,67.0,913.0,19,1.4,0.734
S0001,P00096,2025-12-28,Premium,Beverages,46,42.52764263436784,27.538747917041917,54.4748678233796,42.52764263436784,7.26275087477919,0.975,1.96,43.0,57.0,63.0,872.0,19,1.4,0.734
S0001,P00096,2025-12-29,Premium,Beverages,33,32.11269339363996,22.20236734267787,40.39303856901345,32.11269339363996,5.033644483509721,0.975,1.96,33.0,42.0,44.0,655.0,19,1.4,0.734
S0001,P00096,2025-12-30,Premium,Beverages,27,40.68976433411793,22.215251539651177,51.01590654407104,40.68976433411793,6.277290097235934,0.975,1.96,41.0,53.0,54.0,828.0,19,1.4,0.734
S0001,P00096,2025-12-31,Premium,Beverages,28,46.26555547141965,22.801901033409536,58.817732384400855,46.26555547141965,7.630502682663345,0.975,1.96,47.0,62.0,66.0,946.0,19,1.4,0.734
S0001,P00103,2025-10-01,Premium,Beverages,17,20.595379951850923,12.988793017303182,28.34903150303036,20.595379951850923,4.713465988558928,0.975,1.96,21.0,30.0,28.0,214.0,9,0.5,0.767
S0001,P00103,2025-10-02,Premium,Beverages,26,21.479339852755405,13.14379817185956,29.54411618217621,21.479339852755405,4.902599592353073,0.975,1.96,22.0,32.0,29.0,223.0,9,0.5,0.767
S0001,P00103,2025-10-03,Premium,Beverages,22,23.79766217749585,15.419212113180508,32.6815388543976,23.79766217749585,5.400532934286778,0.975,1.96,24.0,35.0,32.0,247.0,9,0.5,0.767
S0001,P00103,2025-10-04,Premium,Beverages,28,28.353919433478445,18.56650951988565,37.98110649919704,28.353919433478445,5.852393353020422,0.975,1.96,29.0,40.0,35.0,291.0,9,0.5,0.767
S0001,P00103,2025-10-05,Premium,Beverages,30,25.584373581503822,16.90217449504484,34.123098367054325,25.584373581503822,5.1907141553498475,0.975,1.96,26.0,36.0,31.0,262.0,9,0.5,0.767
S0001,P00103,2025-10-06,Premium,Beverages,18,19.161399802921068,12.038129669895234,27.105797268425853,19.161399802921068,4.829420951674641,0.975,1.96,20.0,29.0,29.0,202.0,9,0.5,0.767
S0001,P00103,2025-10-07,Premium,Beverages,17,19.883133458394692,12.315301262691229,27.80368039288416,19.883133458394692,4.814922148625817,0.975,1.96,20.0,30.0,29.0,208.0,9,0.5,0.767
S0001,P00103,2025-10-08,Premium,Beverages,28,20.511563719632605,12.911546399979365,28.325785542341546,20.511563719632605,4.750286822315464,0.975,1.96,21.0,30.0,28.0,213.0,9,0.5,0.767
S0001,P00103,2025-10-09,Premium,Beverages,13,21.79196416163804,14.328194435300892,29.746780526283107,21.79196416163804,4.835754628963565,0.975,1.96,22.0,32.0,29.0,226.0,9,0.5,0.767
S0001,P00103,2025-10-10,Premium,Beverages,28,23.955719191037968,15.3509880419932,32.39938872921715,23.955719191037968,5.132929810443272,0.975,1.96,24.0,35.0,31.0,247.0,9,0.5,0.767
S0001,P00103,2025-10-11,Premium,Beverages,34,28.547970741000444,19.191263456541336,38.06329918530068,28.547970741000444,5.7843941910639725,0.975,1.96,29.0,40.0,35.0,292.0,9,0.5,0.767
S0001,P00103,2025-10-12,Premium,Beverages,25,26.065621022042,17.84156037215618,34.802086813580836,26.065621022042,5.310921453823001,0.975,1.96,27.0,37.0,32.0,267.0,9,0.5,0.767
S0001,P00103,2025-10-13,Premium,Beverages,17,19.51961355347343,12.347964539798614,27.078507749552216,19.51961355347343,4.595072459622362,0.975,1.96,20.0,29.0,28.0,204.0,9,0.5,0.767
S0001,P00103,2025-10-14,Premium,Beverages,25,20.38209193451982,13.053884669420372,28.356393029507945,20.38209193451982,4.847599449840805,0.975,1.96,21.0,30.0,29.0,213.0,9,0.5,0.767
S0001,P00103,2025-10-15,Premium,Beverages,14,20.809671949466928,14.073633892686548,28.77251932169656,20.809671949466928,4.840636700443545,0.975,1.96,21.0,31.0,29.0,217.0,9,0.5,0.767
S0001,P00103,2025-10-16,Premium,Beverages,20,21.596805201904065,13.772660946330433,29.491130550799276,21.596805201904065,4.798981975012286,0.975,1.96,22.0,32.0,29.0,224.0,9,0.5,0.767
S0001,P00103,2025-10-17,Premium,Beverages,19,24.1581847213017,16.135092647839162,32.51188602818706,24.1581847213017,5.078237876526052,0.975,1.96,25.0,35.0,30.0,248.0,9,0.5,0.767
S0001,P00103,2025-10-18,Premium,Beverages,19,28.789701335884587,19.094709494438305,38.2524295748521,28.789701335884587,5.752418382351072,0.975,1.96,29.0,41.0,34.0,294.0,9,0.5,0.767
S0001,P00103,2025-10-19,Premium,Beverages,30,25.413562268433157,16.462968756160233,34.019328474977385,25.413562268433157,5.23146881856792,0.975,1.96,26.0,36.0,31.0,260.0,9,0.5,0.767
S0001,P00103,2025-10-20,Premium,Beverages,17,19.065971596793727,11.724580685260012,26.7378349085443,19.065971596793727,4.663746694073297,0.975,1.96,20.0,29.0,28.0,200.0,9,0.5,0.767
S0001,P00103,2025-10-21,Premium,Beverages,21,19.574063290840147,12.062852166475412,27.22492652262087,19.574063290840147,4.650980688012597,0.975,1.96,20.0,29.0,28.0,205.0,9,0.5,0.767
S0001,P00103,2025-10-22,Premium,Beverages,20,20.096463226646645,12.687290695182256,27.962866007035203,20.096463226646645,4.782007769233166,0.975,1.96,21.0,30.0,29.0,210.0,9,0.5,0.767
S0001,P00103,2025-10-23,Premium,Beverages,24,20.88361581906432,13.01326874810597,28.82566775560569,20.88361581906432,4.8279950982014395,0.975,1.96,21.0,31.0,29.0,217.0,9,0.5,0.767
S0001,P00103,2025-10-24,Premium,Beverages,21,23.337379068255547,15.6427708161088,31.898207384993817,23.337379068255547,5.204150952424478,0.975,1.96,24.0,34.0,31.0,242.0,9,0.5,0.767
S0001,P00103,2025-10-25,Premium,Beverages,30,28.055215388131774,18.77335787814524,37.23882713689486,28.055215388131774,5.582742704415248,0.975,1.96,29.0,39.0,33.0,286.0,9,0.5,0.767
S0001,P00103,2025-10-26,Premium,Beverages,27,25.48153532570237,17.73297550069699,34.29262593953015,25.48153532570237,5.356286087433299,0.975,1.96,26.0,36.0,32.0,262.0,9,0.5,0.767
S0001,P00103,2025-10-27,Premium,Beverages,23,20.236113374515615,12.63246760016809,29.321286446210618,20.236113374515615,5.522901563340425,0.975,1.96,21.0,32.0,33.0,216.0,9,0.5,0.767
S0001,P00103,2025-10-28,Premium,Beverages,22,20.411947789333805,13.580704215109687,28.21278401818033,20.411947789333805,4.742149683189377,0.975,1.96,21.0,30.0,28.0,212.0,9,0.5,0.767
S0001,P00103,2025-10-29,Premium,Beverages,22,20.70163968188512,13.352809524930684,28.56262989200287,20.70163968188512,4.778717452959119,0.975,1.96,21.0,31.0,29.0,216.0,9,0.5,0.767
S0001,P00103,2025-10-30,Premium,Beverages,27,21.587660248890035,14.372123670086683,29.677389582838018,21.587660248890035,4.917768592065641,0.975,1.96,22.0,32.0,29.0,224.0,9,0.5,0.767
S0001,P00103,2025-10-31,Premium,Beverages,25,24.837745489688835,16.572100358014996,33.63230572795506,24.837745489688835,5.346237226909557,0.975,1.96,25.0,36.0,32.0,256.0,9,0.5,0.767
S0001,P00103,2025-11-01,Premium,Beverages,24,31.664064099233276,20.61388988424817,40.80742121035388,31.664064099233276,5.558271800073316,0.975,1.96,32.0,43.0,33.0,318.0,9,0.5,0.767
S0001,P00103,2025-11-02,Premium,Beverages,31,28.827570708077225,18.85376148531649,38.02757514462252,28.827570708077225,5.592707864161272,0.975,1.96,29.0,40.0,33.0,293.0,9,0.5,0.767
S0001,P00103,2025-11-03,Premium,Beverages,17,21.711421201631573,13.781682438808934,29.55262147271583,21.711421201631573,4.766687094884047,0.975,1.96,22.0,32.0,29.0,225.0,9,0.5,0.767
S0001,P00103,2025-11-04,Premium,Beverages,20,22.076583380634094,13.853131226996624,29.921902138700503,22.076583380634094,4.769190734386872,0.975,1.96,23.0,32.0,29.0,228.0,9,0.5,0.767
S0001,P00103,2025-11-05,Premium,Beverages,15,22.412758790808,14.354503793442776,30.678520348258747,22.412758790808,5.024779062280087,0.975,1.96,23.0,33.0,30.0,232.0,9,0.5,0.767
S0001,P00103,2025-11-06,Premium,Beverages,22,22.83205954062414,13.813841806908007,30.88057781778584,22.83205954062414,4.892716277909846,0.975,1.96,23.0,33.0,29.0,235.0,9,0.5,0.767
S0001,P00103,2025-11-07,Premium,Beverages,27,25.130236084836493,16.524747541342816,35.1592877169082,25.130236084836493,6.096687922232042,0.975,1.96,26.0,38.0,36.0,263.0,9,0.5,0.767
S0001,P00103,2025-11-08,Premium,Beverages,26,30.829462176284444,19.843184848858744,40.66316030225538,30.829462176284444,5.977931991471692,0.975,1.96,31.0,43.0,36.0,314.0,9,0.5,0.767
S0001,P00103,2025-11-09,Premium,Beverages,33,27.81054124051236,18.370287957792037,36.84100250004745,27.81054124051236,5.489642103060846,0.975,1.96,28.0,39.0,33.0,284.0,9,0.5,0.767
S0001,P00103,2025-11-10,Premium,Beverages,31,20.637027040572416,12.950502121762808,28.373643133725608,20.637027040572416,4.703110087023217,0.975,1.96,21.0,30.0,28.0,214.0,9,0.5,0.767
S0001,P00103,2025-11-11,Premium,Beverages,19,22.23873079362848,14.661578685646605,30.546667535972738,22.23873079362848,5.0504174725497,0.975,1.96,23.0,33.0,30.0,231.0,9,0.5,0.767
S0001,P00103,2025-11-12,Premium,Beverages,25,21.95173168288977,13.877801641616538,30.28709378149385,21.95173168288977,5.06708942164382,0.975,1.96,22.0,32.0,30.0,228.0,9,0.5,0.767
S0001,P00103,2025-11-13,Premium,Beverages,22,23.582456060568035,15.685473635234109,31.95687141360199,23.582456060568035,5.090830001844351,0.975,1.96,24.0,34.0,30.0,243.0,9,0.5,0.767
S0001,P00103,2025-11-14,Premium,Beverages,32,26.634408629451563,17.93949562090815,35.17699860528634,26.634408629451563,5.193063815097131,0.975,1.96,27.0,37.0,31.0,271.0,9,0.5,0.767
S0001,P00103,2025-11-15,Premium,Beverages,17,31.68327944356236,21.202170479273818,41.2277926976554,31.68327944356236,5.802135716773886,0.975,1.96,32.0,44.0,35.0,321.0,9,0.5,0.767
S0001,P00103,2025-11-16,Premium,Beverages,31,28.843597011014623,19.468876733454447,37.81065881063152,28.843597011014623,5.451101397943402,0.975,1.96,29.0,40.0,33.0,293.0,9,0.5,0.767
S0001,P00103,2025-11-17,Premium,Beverages,22,21.466343585787076,14.358444241543973,29.35826187901722,21.466343585787076,4.797518719288842,0.975,1.96,22.0,31.0,29.0,223.0,9,0.5,0.767
S0001,P00103,2025-11-18,Premium,Beverages,25,22.194489286564338,14.699582934139494,30.092875317089216,22.194489286564338,4.801450474483211,0.975,1.96,23.0,32.0,29.0,229.0,9,0.5,0.767
S0001,P00103,2025-11-19,Premium,Beverages,22,22.62257813092136,15.198250285423676,31.077869770349512,22.62257813092136,5.1399949175855015,0.975,1.96,23.0,33.0,31.0,235.0,9,0.5,0.767
S0001,P00103,2025-11-20,Premium,Beverages,25,23.620918733695987,15.87850817983943,32.33742360041872,23.620918733695987,5.298787153022936,0.975,1.96,24.0,35.0,32.0,245.0,9,0.5,0.767
S0001,P00103,2025-11-21,Premium,Beverages,24,26.885555604794817,18.441020452982468,35.87689240089761,26.885555604794817,5.465858234712944,0.975,1.96,27.0,38.0,33.0,275.0,9,0.5,0.767
S0001,P00103,2025-11-22,Premium,Beverages,28,31.52387924496625,21.338825137168037,41.70829873280071,31.52387924496625,6.191136466768671,0.975,1.96,32.0,44.0,37.0,321.0,9,0.5,0.767
S0001,P00103,2025-11-23,Premium,Beverages,31,29.12232374368485,20.275457906734392,38.1748040248204,29.12232374368485,5.503027526526169,0.975,1.96,30.0,40.0,33.0,296.0,9,0.5,0.767
S0001,P00103,2025-11-24,Premium,Beverages,25,24.980264122256507,14.964396555839402,33.92062937415232,24.980264122256507,5.434872493553685,0.975,1.96,25.0,36.0,32.0,257.0,9,0.5,0.767
S0001,P00103,2025-11-25,Premium,Beverages,25,24.136439384090757,15.76844859723376,34.034753194701366,24.136439384090757,6.017212042924383,0.975,1.96,25.0,36.0,36.0,254.0,9,0.5,0.767
S0001,P00103,2025-11-26,Premium,Beverages,16,22.29710013138185,15.954900772176122,31.13520080646646,22.29710013138185,5.372705577559036,0.975,1.96,23.0,33.0,32.0,233.0,9,0.5,0.767
S0001,P00103,2025-11-27,Premium,Beverages,28,24.781556637714942,15.804952438105683,34.3386114479532,24.781556637714942,5.809759763062767,0.975,1.96,25.0,37.0,35.0,259.0,9,0.5,0.767
S0001,P00103,2025-11-28,Premium,Beverages,38,45.753205618275985,20.329482884212723,55.118086958162074,45.753205618275985,5.692936984733185,0.975,1.96,46.0,57.0,34.0,446.0,9,0.5,0.767
S0001,P00103,2025-11-29,Premium,Beverages,45,33.49293143628542,23.322288449399956,41.241487269396174,33.49293143628542,4.7103682876053234,0.975,1.96,34.0,43.0,28.0,330.0,9,0.5,0.767
S0001,P00103,2025-11-30,Premium,Beverages,26,29.874340816386233,21.823059961248696,39.987165693112786,29.874340816386233,6.147613906824652,0.975,1.96,30.0,42.0,37.0,306.0,9,0.5,0.767
S0001,P00103,2025-12-01,Premium,Beverages,25,24.289811391753325,15.979017146383198,32.50663305740207,24.289811391753325,4.995028368175529,0.975,1.96,25.0,35.0,30.0,249.0,9,0.5,0.767
S0001,P00103,2025-12-02,Premium,Beverages,37,25.66274985522752,17.166335946653888,34.16982209154296,25.66274985522752,5.171472484082335,0.975,1.96,26.0,36.0,31.0,262.0,9,0.5,0.767
S0001,P00103,2025-12-03,Premium,Beverages,32,26.397827856628172,17.37744833510798,34.83874100828716,26.397827856628172,5.131254195537378,0.975,1.96,27.0,37.0,31.0,269.0,9,0.5,0.767
S0001,P00103,2025-12-04,Premium,Beverages,33,28.147942005997383,19.09375265331641,37.71943476377427,28.147942005997383,5.818536630867406,0.975,1.96,29.0,40.0,35.0,289.0,9,0.5,0.767
S0001,P00103,2025-12-05,Premium,Beverages,26,33.161381044214906,21.82325461976638,43.17171837785872,33.161381044214906,6.085311449023593,0.975,1.96,34.0,46.0,36.0,335.0,9,0.5,0.767
S0001,P00103,2025-12-06,Premium,Beverages,46,37.534354444308,24.116426608439237,48.108272944711786,37.534354444308,6.42791398200838,0.975,1.96,38.0,51.0,38.0,376.0,9,0.5,0.767
S0001,P00103,2025-12-07,Premium,Beverages,38,36.32005533032058,23.771006441442676,46.49794633136141,36.32005533032058,6.187167781787741,0.975,1.96,37.0,49.0,37.0,364.0,9,0.5,0.767
S0001,P00103,2025-12-08,Premium,Beverages,31,26.654624775011065,18.49616738680382,35.497137158541896,26.654624775011065,5.375387467191994,0.975,1.96,27.0,38.0,32.0,272.0,9,0.5,0.767
S0001,P00103,2025-12-09,Premium,Beverages,30,27.839360710785517,19.04903029995267,36.93436861490061,27.839360710785517,5.528880184872399,0.975,1.96,28.0,39.0,33.0,284.0,9,0.5,0.767
S0001,P00103,2025-12-10,Premium,Beverages,28,28.222767914989717,19.435020066310766,37.28752564440001,28.222767914989717,5.510491020918113,0.975,1.96,29.0,40.0,33.0,288.0,9,0.5,0.767
S0001,P00103,2025-12-11,Premium,Beverages,36,28.902923202337767,20.01523181773476,38.60633941039698,28.902923202337767,5.898733257178851,0.975,1.96,29.0,41.0,35.0,296.0,9,0.5,0.767
S0001,P00103,2025-12-12,Premium,Beverages,26,34.64693442966264,23.189462820153004,45.70394190301747,34.64693442966264,6.7215850901853065,0.975,1.96,35.0,48.0,40.0,352.0,9,0.5,0.767
S0001,P00103,2025-12-13,Premium,Beverages,42,37.855965323354475,24.121760591163703,49.16688120433704,37.855965323354475,6.875936705764476,0.975,1.96,38.0,52.0,41.0,382.0,9,0.5,0.767
S0001,P00103,2025-12-14,Premium,Beverages,35,37.66156175615449,25.2154731994858,47.8664080323036,37.66156175615449,6.203553967263893,0.975,1.96,38.0,50.0,37.0,376.0,9,0.5,0.767
S0001,P00103,2025-12-15,Premium,Beverages,23,26.810058836018104,19.477485757894108,36.06025823106529,26.810058836018104,5.62322151674601,0.975,1.96,27.0,38.0,34.0,276.0,9,0.5,0.767
S0001,P00103,2025-12-16,Premium,Beverages,28,28.13915800164681,20.148619172550895,37.96844947437954,28.13915800164681,5.975253174913514,0.975,1.96,29.0,40.0,36.0,290.0,9,0.5,0.767
S0001,P00103,2025-12-17,Premium,Beverages,79,65.89371858571862,25.486145136006623,93.78960608448128,65.89371858571862,16.95798632143627,0.975,1.96,66.0,100.0,100.0,694.0,9,0.5,0.767
S0001,P00103,2025-12-18,Premium,Beverages,84,84.00254466094916,32.15468797840667,108.3125212258007,84.00254466094916,14.7781012552289,0.975,1.96,85.0,113.0,87.0,844.0,9,0.5,0.767
S0001,P00103,2025-12-19,Premium,Beverages,98,86.52187009004159,33.543401444652424,117.9382354305634,86.52187009004159,19.09809443192815,0.975,1.96,87.0,124.0,113.0,892.0,9,0.5,0.767
S0001,P00103,2025-12-20,Premium,Beverages,41,43.17104320121653,26.839028205170347,57.62973498872167,43.17104320121653,8.789478290276683,0.975,1.96,44.0,61.0,52.0,441.0,9,0.5,0.767
S0001,P00103,2025-12-21,Premium,Beverages,41,40.39287979394973,26.27338356928939,51.711999557192435,40.39287979394973,6.880923868232647,0.975,1.96,41.0,54.0,41.0,405.0,9,0.5,0.767
S0001,P00103,2025-12-22,Premium,Beverages,16,30.16355018558595,21.00785202303686,39.849810762572226,30.16355018558595,5.888304302119313,0.975,1.96,31.0,42.0,35.0,307.0,9,0.5,0.767
S0001,P00103,2025-12-23,Premium,Beverages,36,36.976648383052115,20.068123915430164,54.94289283310378,36.976648383052115,10.921729148967575,0.975,1.96,37.0,59.0,65.0,398.0,9,0.5,0.767
S0001,P00103,2025-12-24,Premium,Beverages,32,49.989653321905465,21.512997097484178,62.17085370162963,49.989653321905465,7.404985033266971,0.975,1.96,50.0,65.0,44.0,494.0,9,0.5,0.767
S0001,P00103,2025-12-25,Premium,Beverages,27,39.97867856267498,22.73244287426801,51.53440955015893,39.97867856267498,7.024760478713646,0.975,1.96,40.0,54.0,42.0,402.0,9,0.5,0.767
S0001,P00103,2025-12-26,Premium,Beverages,34,34.95586107207535,24.33049545686868,47.48971470383765,34.95586107207535,7.619363909885895,0.975,1.96,35.0,50.0,45.0,360.0,9,0.5,0.767
S0001,P00103,2025-12-27,Premium,Beverages,46,40.40233929303999,25.967804507789413,54.05680824368497,40.40233929303999,8.30058902774771,0.975,1.96,41.0,57.0,49.0,413.0,9,0.5,0.767
S0001,P00103,2025-12-28,Premium,Beverages,23,37.25002879340708,25.929604840663405,50.73104263468561,37.25002879340708,8.19514519226658,0.975,1.96,38.0,54.0,49.0,385.0,9,0.5,0.767
S0001,P00103,2025-12-29,Premium,Beverages,20,25.6133139586769,19.50664515348891,35.936909362060675,25.6133139586769,6.275741886555485,0.975,1.96,26.0,38.0,37.0,268.0,9,0.5,0.767
S0001,P00103,2025-12-30,Premium,Beverages,34,33.621857303492256,19.83188014344731,46.95587385253524,33.621857303492256,8.105785136196344,0.975,1.96,34.0,50.0,48.0,351.0,9,0.5,0.767
S0001,P00103,2025-12-31,Premium,Beverages,34,38.71429657453975,21.973329775166317,51.21943863969446,38.71429657453975,7.601910070002861,0.975,1.96,39.0,54.0,45.0,394.0,9,0.5,0.767
S0001,P00106,2025-10-01,Premium,Beverages,13,5.382273734722504,1.9698442783534031,9.669749337736356,5.382273734722504,2.6063681477287863,0.975,1.96,6.0,11.0,17.0,77.0,11,2.9,0.952
S0001,P00106,2025-10-02,Premium,Beverages,5,5.989532805059328,2.093478667698089,10.497061649082283,5.989532805059328,2.7401391149075724,0.975,1.96,6.0,12.0,18.0,84.0,11,2.9,0.952
S0001,P00106,2025-10-03,Premium,Beverages,5,6.61883649391277,2.424443926662992,11.326360702115316,6.61883649391277,2.861716843892124,0.975,1.96,7.0,13.0,19.0,92.0,11,2.9,0.952
S0001,P00106,2025-10-04,Premium,Beverages,10,8.17564643102237,3.357923908485863,13.510063405780896,8.17564643102237,3.2428066715857295,0.975,1.96,9.0,15.0,22.0,112.0,11,2.9,0.952
S0001,P00106,2025-10-05,Premium,Beverages,6,7.529805588658864,2.991173379161244,12.428016537184542,7.529805588658864,2.977635834970017,0.975,1.96,8.0,14.0,20.0,103.0,11,2.9,0.952
S0001,P00106,2025-10-06,Premium,Beverages,2,5.515470728515864,1.9532196339702377,9.673849917721665,5.515470728515864,2.5278900846235857,0.975,1.96,6.0,11.0,17.0,78.0,11,2.9,0.952
S0001,P00106,2025-10-07,Premium,Beverages,3,5.435249677948969,2.013337058636417,9.67281623964958,5.435249677948969,2.576028304985175,0.975,1.96,6.0,11.0,17.0,77.0,11,2.9,0.952
S0001,P00106,2025-10-08,Premium,Beverages,6,5.6232338680076275,2.051847682690775,9.965593887480104,5.6232338680076275,2.6397325346337244,0.975,1.96,6.0,11.0,18.0,80.0,11,2.9,0.952
S0001,P00106,2025-10-09,Premium,Beverages,7,5.456214429414138,2.0105870484263,9.658762581491942,5.456214429414138,2.5547405179804277,0.975,1.96,6.0,11.0,17.0,78.0,11,2.9,0.952
S0001,P00106,2025-10-10,Premium,Beverages,6,6.3391654104134725,2.462178677097866,10.9895243686593,6.3391654104134725,2.8269659320643328,0.975,1.96,7.0,12.0,19.0,89.0,11,2.9,0.952
S0001,P00106,2025-10-11,Premium,Beverages,10,7.5319948325126,3.1522674602887126,12.34762621314322,7.5319948325126,2.927435489745058,0.975,1.96,8.0,14.0,20.0,103.0,11,2.9,0.952
S0001,P00106,2025-10-12,Premium,Beverages,10,7.035267508806753,2.8654209552885743,12.008528794675698,7.035267508806753,3.023259140345863,0.975,1.96,8.0,13.0,20.0,98.0,11,2.9,0.952
S0001,P00106,2025-10-13,Premium,Beverages,3,5.4207357641663005,1.915255787704361,9.651093479084436,5.4207357641663005,2.571646027305857,0.975,1.96,6.0,11.0,17.0,77.0,11,2.9,0.952
S0001,P00106,2025-10-14,Premium,Beverages,5,5.598516008928393,2.026703744889375,9.94135011190526,5.598516008928393,2.640020731292928,0.975,1.96,6.0,11.0,18.0,80.0,11,2.9,0.952
S0001,P00106,2025-10-15,Premium,Beverages,6,5.810003620192898,2.0849167854665738,10.263898218546409,5.810003620192898,2.707534710245294,0.975,1.96,6.0,12.0,18.0,82.0,11,2.9,0.952
S0001,P00106,2025-10-16,Premium,Beverages,1,5.931278411101244,2.0626225205789885,10.342383841095373,5.931278411101244,2.6815230577471905,0.975,1.96,6.0,12.0,18.0,84.0,11,2.9,0.952
S0001,P00106,2025-10-17,Premium,Beverages,5,6.405152324195585,2.400953036227967,10.962272286501282,6.405152324195585,2.770285691371244,0.975,1.96,7.0,12.0,19.0,90.0,11,2.9,0.952
S0001,P00106,2025-10-18,Premium,Beverages,12,7.51514039480258,3.1953956980834755,12.715874366096129,7.51514039480258,3.161540408081184,0.975,1.96,8.0,14.0,21.0,104.0,11,2.9,0.952
S0001,P00106,2025-10-19,Premium,Beverages,4,7.233433187538265,2.917074964720609,12.087295663637422,7.233433187538265,2.9506762772639252,0.975,1.96,8.0,14.0,20.0,100.0,11,2.9,0.952
S0001,P00106,2025-10-20,Premium,Beverages,8,5.1308056142643155,1.8620151550905455,9.22719465598848,5.1308056142643155,2.4902061043915897,0.975,1.96,6.0,11.0,17.0,74.0,11,2.9,0.952
S0001,P00106,2025-10-21,Premium,Beverages,5,5.293364171223741,1.9951390220341212,9.620590951788389,5.293364171223741,2.630532997303737,0.975,1.96,6.0,11.0,18.0,77.0,11,2.9,0.952
S0001,P00106,2025-10-22,Premium,Beverages,9,5.397939229209563,2.0266171457047233,9.73642797514417,5.397939229209563,2.6373791768599437,0.975,1.96,6.0,11.0,18.0,78.0,11,2.9,0.952
S0001,P00106,2025-10-23,Premium,Beverages,5,5.893631760721539,2.059004046449574,10.344879837290591,5.893631760721539,2.7059258824127985,0.975,1.96,6.0,12.0,18.0,83.0,11,2.9,0.952
S0001,P00106,2025-10-24,Premium,Beverages,8,6.580385960103081,2.4463592779784844,11.160130471142809,6.580385960103081,2.7840392164375234,0.975,1.96,7.0,13.0,19.0,92.0,11,2.9,0.952
S0001,P00106,2025-10-25,Premium,Beverages,8,8.30907680961002,3.4989880198115,13.154956381143467,8.30907680961002,2.945823447740698,0.975,1.96,9.0,15.0,20.0,112.0,11,2.9,0.952
S0001,P00106,2025-10-26,Premium,Beverages,7,7.555102662918168,3.157974248317277,12.169153827901278,7.555102662918168,2.804894325217696,0.975,1.96,8.0,14.0,19.0,103.0,11,2.9,0.952
S0001,P00106,2025-10-27,Premium,Beverages,6,5.731453100673549,1.918772464050048,10.295138354365315,5.731453100673549,2.774276749964601,0.975,1.96,6.0,12.0,19.0,83.0,11,2.9,0.952
S0001,P00106,2025-10-28,Premium,Beverages,8,5.627219439202554,1.9944892411355717,9.953873754929914,5.627219439202554,2.630184994363137,0.975,1.96,6.0,11.0,18.0,80.0,11,2.9,0.952
S0001,P00106,2025-10-29,Premium,Beverages,7,6.064760464188663,2.209892698371377,10.596315179809146,6.064760464188663,2.754744507975978,0.975,1.96,7.0,12.0,18.0,85.0,11,2.9,0.952
S0001,P00106,2025-10-30,Premium,Beverages,5,5.960272007305178,2.113584766084966,10.162025122798404,5.960272007305178,2.554257213065791,0.975,1.96,6.0,11.0,17.0,83.0,11,2.9,0.952
S0001,P00106,2025-10-31,Premium,Beverages,9,6.710841746445692,2.6229113012439655,11.3244139941073,6.710841746445692,2.8046031900678465,0.975,1.96,7.0,13.0,19.0,93.0,11,2.9,0.952
S0001,P00106,2025-11-01,Premium,Beverages,3,9.258869344737676,4.038395833496406,14.723150330745778,9.258869344737676,3.321751359275441,0.975,1.96,10.0,16.0,22.0,124.0,11,2.9,0.952
S0001,P00106,2025-11-02,Premium,Beverages,13,7.71505162335878,3.133193878132804,12.771069911975438,7.71505162335878,3.073567348703136,0.975,1.96,8.0,14.0,20.0,105.0,11,2.9,0.952
S0001,P00106,2025-11-03,Premium,Beverages,7,6.14375368980675,2.192019432146812,10.549925803872185,6.14375368980675,2.6785240814987445,0.975,1.96,7.0,12.0,18.0,86.0,11,2.9,0.952
S0001,P00106,2025-11-04,Premium,Beverages,5,6.459911157088906,2.3047369102549133,11.183507696758522,6.459911157088906,2.871487258157821,0.975,1.96,7.0,13.0,19.0,91.0,11,2.9,0.952
S0001,P00106,2025-11-05,Premium,Beverages,3,6.721260285505603,2.44044301583444,11.304011740540854,6.721260285505603,2.7858671459180857,0.975,1.96,7.0,13.0,19.0,93.0,11,2.9,0.952
S0001,P00106,2025-11-06,Premium,Beverages,6,6.631841239090632,2.4537207277913233,11.377920850477448,6.631841239090632,2.8851547789585505,0.975,1.96,7.0,13.0,19.0,92.0,11,2.9,0.952
S0001,P00106,2025-11-07,Premium,Beverages,4,7.466749546896928,3.236050960553562,12.656456729360578,7.466749546896928,3.154837192987021,0.975,1.96,8.0,14.0,21.0,104.0,11,2.9,0.952
S0001,P00106,2025-11-08,Premium,Beverages,6,8.564241060230835,3.826804710998998,14.06519886744437,8.564241060230835,3.344047299217954,0.975,1.96,9.0,16.0,22.0,117.0,11,2.9,0.952
S0001,P00106,2025-11-09,Premium,Beverages,13,7.8922824373135665,3.4216385865817167,12.673639371692976,7.8922824373135665,2.9065999601090637,0.975,1.96,8.0,14.0,19.0,106.0,11,2.9,0.952
S0001,P00106,2025-11-10,Premium,Beverages,3,5.724222201430402,2.070776491580515,10.226700367458,5.724222201430402,2.73706879393775,0.975,1.96,6.0,12.0,18.0,81.0,11,2.9,0.952
S0001,P00106,2025-11-11,Premium,Beverages,7,5.840954348870133,2.136458519038197,10.66531594108086,5.840954348870133,2.932742609246643,0.975,1.96,6.0,12.0,20.0,85.0,11,2.9,0.952
S0001,P00106,2025-11-12,Premium,Beverages,5,5.990248821303688,2.2112878226953767,10.91067811376366,5.990248821303688,2.991142427027339,0.975,1.96,6.0,12.0,20.0,86.0,11,2.9,0.952
S0001,P00106,2025-11-13,Premium,Beverages,6,6.269077094831598,2.3132243812519104,11.014210661628104,6.269077094831598,2.8845796758641384,0.975,1.96,7.0,12.0,19.0,88.0,11,2.9,0.952
S0001,P00106,2025-11-14,Premium,Beverages,12,7.343068419445773,3.2442141873865613,12.342262604523285,7.343068419445773,3.0390238207158116,0.975,1.96,8.0,14.0,20.0,101.0,11,2.9,0.952
S0001,P00106,2025-11-15,Premium,Beverages,9,9.002978810901357,4.27585796475159,14.846730540417552,9.002978810901357,3.552432662319875,0.975,1.96,10.0,16.0,24.0,124.0,11,2.9,0.952
S0001,P00106,2025-11-16,Premium,Beverages,12,8.355018723938198,4.048776394853653,13.44813775808273,8.355018723938198,3.0961209934009313,0.975,1.96,9.0,15.0,21.0,113.0,11,2.9,0.952
S0001,P00106,2025-11-17,Premium,Beverages,6,6.474896073385129,2.4656360302652645,10.867133592954012,6.474896073385129,2.670053203385339,0.975,1.96,7.0,12.0,18.0,90.0,11,2.9,0.952
S0001,P00106,2025-11-18,Premium,Beverages,5,6.6207349311917305,2.5123618315942493,11.10209422363101,6.6207349311917305,2.724230572911416,0.975,1.96,7.0,12.0,18.0,91.0,11,2.9,0.952
S0001,P00106,2025-11-19,Premium,Beverages,5,6.766205123415396,2.622366386330468,11.276799771431287,6.766205123415396,2.7420028255415763,0.975,1.96,7.0,13.0,18.0,93.0,11,2.9,0.952
S0001,P00106,2025-11-20,Premium,Beverages,8,6.780876075803238,2.635918502573668,11.509184053701237,6.780876075803238,2.874351354345287,0.975,1.96,7.0,13.0,19.0,94.0,11,2.9,0.952
S0001,P00106,2025-11-21,Premium,Beverages,14,7.916199344790063,3.712550658685694,12.958987432471522,7.916199344790063,3.065524673362589,0.975,1.96,8.0,14.0,20.0,108.0,11,2.9,0.952
S0001,P00106,2025-11-22,Premium,Beverages,5,9.175024415215528,4.8543024325198285,14.804042418983547,9.175024415215528,3.4218954430200723,0.975,1.96,10.0,16.0,23.0,124.0,11,2.9,0.952
S0001,P00106,2025-11-23,Premium,Beverages,13,8.480932504562688,4.27505723923759,13.580517189651294,8.480932504562688,3.100051480297025,0.975,1.96,9.0,15.0,21.0,115.0,11,2.9,0.952
S0001,P00106,2025-11-24,Premium,Beverages,5,6.6025598333708375,2.55873155853271,11.004613483105771,6.6025598333708375,2.6760204557659173,0.975,1.96,7.0,12.0,18.0,91.0,11,2.9,0.952
S0001,P00106,2025-11-25,Premium,Beverages,10,7.081063182782123,2.5891560289685107,11.621457294031156,7.081063182782123,2.7601180007592907,0.975,1.96,8.0,13.0,18.0,96.0,11,2.9,0.952
S0001,P00106,2025-11-26,Premium,Beverages,9,6.976066027934035,2.705338789238984,11.278598799786163,6.976066027934035,2.615521441855397,0.975,1.96,7.0,13.0,18.0,95.0,11,2.9,0.952
S0001,P00106,2025-11-27,Premium,Beverages,8,7.321349974964579,2.9640279661611832,12.621429018371282,7.321349974964579,3.221932549183406,0.975,1.96,8.0,14.0,21.0,102.0,11,2.9,0.952
S0001,P00106,2025-11-28,Premium,Beverages,13,15.644198817732216,5.5017959225410635,21.69398681984962,15.644198817732216,3.677682676059211,0.975,1.96,16.0,23.0,24.0,197.0,11,2.9,0.952
S0001,P00106,2025-11-29,Premium,Beverages,10,9.387935696100287,5.973464891663434,15.35486260558565,9.387935696100287,3.627311191176512,0.975,1.96,10.0,17.0,24.0,128.0,11,2.9,0.952
S0001,P00106,2025-11-30,Premium,Beverages,10,8.86504547650898,4.729209107005656,14.259411588104763,8.86504547650898,3.279249915863698,0.975,1.96,9.0,16.0,22.0,120.0,11,2.9,0.952
S0001,P00106,2025-12-01,Premium,Beverages,11,7.290479181855557,3.120436045611,11.790885543036,7.290479181855557,2.735809338103613,0.975,1.96,8.0,13.0,18.0,99.0,11,2.9,0.952
S0001,P00106,2025-12-02,Premium,Beverages,8,7.771134322674379,3.337041398084045,12.423109862905491,7.771134322674379,2.8279486566754484,0.975,1.96,8.0,14.0,19.0,105.0,11,2.9,0.952
S0001,P00106,2025-12-03,Premium,Beverages,11,7.957602723655513,3.433794347323648,12.686969065568338,7.957602723655513,2.8749947367251214,0.975,1.96,8.0,14.0,19.0,107.0,11,2.9,0.952
S0001,P00106,2025-12-04,Premium,Beverages,6,8.58657511555758,3.754247052610361,13.259923905020624,8.58657511555758,2.840941513351395,0.975,1.96,9.0,15.0,19.0,114.0,11,2.9,0.952
S0001,P00106,2025-12-05,Premium,Beverages,10,9.46222546115468,4.439945914247829,14.918421165065542,9.46222546115468,3.3168362941707374,0.975,1.96,10.0,16.0,22.0,127.0,11,2.9,0.952
