replenishment_id,store_id,sku_id,replenishment_date,trigger_type,units_ordered,units_received,order_date,receive_date,lead_time_actual,replenishment_cost,associate_id
REP-S0001-P01049-0001,S0001,P01049,2024-01-02,Reorder Point,436,390,2024-01-01,2024-01-02,1,5327.4,EMP02056
REP-S0001-P01049-0002,S0001,P01049,2024-01-19,Reorder Point,436,379,2024-01-18,2024-01-19,1,5177.14,EMP02867
REP-S0001-P01049-0003,S0001,P01049,2024-02-05,Reorder Point,436,411,2024-02-04,2024-02-05,1,5614.26,EMP03836
REP-S0001-P01049-0004,S0001,P01049,2024-02-25,Reorder Point,436,413,2024-02-24,2024-02-25,1,5641.58,EMP02913
REP-S0001-P01049-0005,S0001,P01049,2024-03-14,Reorder Point,436,398,2024-03-13,2024-03-14,1,5436.68,EMP02809
REP-S0001-P01049-0006,S0001,P01049,2024-03-27,Reorder Point,436,370,2024-03-26,2024-03-27,1,5054.2,EMP04578
REP-S0001-P01049-0007,S0001,P01049,2024-04-12,Reorder Point,436,400,2024-04-11,2024-04-12,1,5464.0,EMP01652
REP-S0001-P01049-0008,S0001,P01049,2024-04-20,Reorder Point,436,431,2024-04-19,2024-04-20,1,5887.46,EMP01906
REP-S0001-P01049-0009,S0001,P01049,2024-04-30,Reorder Point,436,434,2024-04-29,2024-04-30,1,5928.44,EMP03984
REP-S0001-P01049-0010,S0001,P01049,2024-05-18,Reorder Point,436,394,2024-05-17,2024-05-18,1,5382.04,EMP02387
REP-S0001-P01049-0011,S0001,P01049,2024-06-02,Reorder Point,436,405,2024-06-01,2024-06-02,1,5532.3,EMP01656
REP-S0001-P01049-0012,S0001,P01049,2024-06-17,Reorder Point,436,430,2024-06-16,2024-06-17,1,5873.8,EMP01169
REP-S0001-P01049-0013,S0001,P01049,2024-07-04,Reorder Point,436,388,2024-07-03,2024-07-04,1,5300.08,EMP02452
REP-S0001-P01049-0014,S0001,P01049,2024-07-18,Reorder Point,436,397,2024-07-17,2024-07-18,1,5423.02,EMP03826
REP-S0001-P01049-0015,S0001,P01049,2024-08-01,Reorder Point,436,434,2024-07-31,2024-08-01,1,5928.44,EMP03757
REP-S0001-P01049-0016,S0001,P01049,2024-08-18,Reorder Point,436,390,2024-08-17,2024-08-18,1,5327.4,EMP00744
REP-S0001-P01049-0017,S0001,P01049,2024-09-01,Reorder Point,436,383,2024-08-31,2024-09-01,1,5231.78,EMP04373
REP-S0001-P01049-0018,S0001,P01049,2024-09-17,Reorder Point,436,404,2024-09-16,2024-09-17,1,5518.64,EMP01372
REP-S0001-P01049-0019,S0001,P01049,2024-10-05,Reorder Point,436,426,2024-10-04,2024-10-05,1,5819.16,EMP02736
REP-S0001-P01049-0020,S0001,P01049,2024-10-21,Reorder Point,436,403,2024-10-20,2024-10-21,1,5504.98,EMP03664
REP-S0001-P01049-0021,S0001,P01049,2024-11-05,Reorder Point,436,423,2024-11-04,2024-11-05,1,5778.18,EMP03099
REP-S0001-P01049-0022,S0001,P01049,2024-11-19,Reorder Point,436,374,2024-11-18,2024-11-19,1,5108.84,EMP03303
REP-S0001-P01049-0023,S0001,P01049,2024-12-01,Reorder Point,436,373,2024-11-30,2024-12-01,1,5095.18,EMP04659
REP-S0001-P01049-0024,S0001,P01049,2024-12-12,Reorder Point,436,402,2024-12-11,2024-12-12,1,5491.32,EMP03224
REP-S0001-P01049-0025,S0001,P01049,2024-12-24,Reorder Point,436,396,2024-12-23,2024-12-24,1,5409.36,EMP03121
REP-S0001-P01049-0026,S0001,P01049,2025-01-04,Reorder Point,436,435,2025-01-03,2025-01-04,1,5942.1,EMP03968
REP-S0001-P01049-0027,S0001,P01049,2025-01-23,Reorder Point,436,384,2025-01-22,2025-01-23,1,5245.44,EMP01291
REP-S0001-P01049-0028,S0001,P01049,2025-02-10,Reorder Point,436,424,2025-02-09,2025-02-10,1,5791.84,EMP03640
REP-S0001-P01049-0029,S0001,P01049,2025-03-01,Reorder Point,436,428,2025-02-28,2025-03-01,1,5846.48,EMP04488
REP-S0001-P01049-0030,S0001,P01049,2025-03-19,Reorder Point,436,373,2025-03-18,2025-03-19,1,5095.18,EMP03604
REP-S0001-P01049-0031,S0001,P01049,2025-04-05,Reorder Point,436,404,2025-04-04,2025-04-05,1,5518.64,EMP04035
REP-S0001-P01049-0032,S0001,P01049,2025-04-21,Reorder Point,436,414,2025-04-20,2025-04-21,1,5655.24,EMP02666
REP-S0001-P01049-0033,S0001,P01049,2025-05-09,Reorder Point,436,405,2025-05-08,2025-05-09,1,5532.3,EMP03758
REP-S0001-P01049-0034,S0001,P01049,2025-05-24,Reorder Point,436,428,2025-05-23,2025-05-24,1,5846.48,EMP02862
REP-S0001-P01049-0035,S0001,P01049,2025-06-10,Reorder Point,436,421,2025-06-09,2025-06-10,1,5750.86,EMP04412
REP-S0001-P01049-0036,S0001,P01049,2025-06-26,Reorder Point,436,426,2025-06-25,2025-06-26,1,5819.16,EMP02618
REP-S0001-P01049-0037,S0001,P01049,2025-07-10,Reorder Point,436,374,2025-07-09,2025-07-10,1,5108.84,EMP04697
REP-S0001-P01049-0038,S0001,P01049,2025-07-24,Reorder Point,436,401,2025-07-23,2025-07-24,1,5477.66,EMP02534
REP-S0001-P01049-0039,S0001,P01049,2025-08-06,Reorder Point,436,371,2025-08-05,2025-08-06,1,5067.86,EMP02271
REP-S0001-P01049-0040,S0001,P01049,2025-08-19,Reorder Point,436,389,2025-08-18,2025-08-19,1,5313.74,EMP02405
REP-S0001-P01049-0041,S0001,P01049,2025-09-04,Reorder Point,436,397,2025-09-03,2025-09-04,1,5423.02,EMP01287
REP-S0001-P01049-0042,S0001,P01049,2025-09-20,Reorder Point,436,376,2025-09-19,2025-09-20,1,5136.16,EMP03821
REP-S0001-P01049-0043,S0001,P01049,2025-10-06,Reorder Point,436,405,2025-10-05,2025-10-06,1,5532.3,EMP00040
REP-S0001-P01049-0044,S0001,P01049,2025-10-21,Reorder Point,436,415,2025-10-20,2025-10-21,1,5668.9,EMP01412
REP-S0001-P01049-0045,S0001,P01049,2025-11-07,Reorder Point,436,404,2025-11-06,2025-11-07,1,5518.64,EMP02688
REP-S0001-P01049-0046,S0001,P01049,2025-11-20,Reorder Point,436,402,2025-11-19,2025-11-20,1,5491.32,EMP02356
REP-S0001-P01049-0047,S0001,P01049,2025-12-04,Reorder Point,436,416,2025-12-03,2025-12-04,1,5682.56,EMP02510
REP-S0001-P01049-0048,S0001,P01049,2025-12-16,Reorder Point,436,386,2025-12-15,2025-12-16,1,5272.76,EMP01948
REP-S0001-P01049-0049,S0001,P01049,2025-12-28,Reorder Point,436,432,2025-12-27,2025-12-28,1,5901.12,EMP00155
REP-S0001-P01023-0001,S0001,P01023,2024-01-17,Reorder Point,222,218,2024-01-07,2024-01-17,10,2332.6,EMP04307
REP-S0001-P01023-0002,S0001,P01023,2024-02-16,Reorder Point,222,192,2024-02-06,2024-02-16,10,2054.4,EMP00819
REP-S0001-P01023-0003,S0001,P01023,2024-03-17,Reorder Point,222,209,2024-03-02,2024-03-17,15,2236.3,EMP03023
REP-S0001-P01023-0004,S0001,P01023,2024-04-15,Reorder Point,222,211,2024-04-03,2024-04-15,12,2257.7,EMP02497
REP-S0001-P01023-0005,S0001,P01023,2024-05-17,Reorder Point,222,216,2024-05-03,2024-05-17,14,2311.2,EMP00458
REP-S0001-P01023-0006,S0001,P01023,2024-06-18,Reorder Point,222,201,2024-06-02,2024-06-18,16,2150.7,EMP01651
REP-S0001-P01023-0007,S0001,P01023,2024-07-17,Reorder Point,222,200,2024-07-01,2024-07-17,16,2140.0,EMP02964
REP-S0001-P01023-0008,S0001,P01023,2024-08-09,Reorder Point,222,207,2024-07-30,2024-08-09,10,2214.9,EMP02152
REP-S0001-P01023-0009,S0001,P01023,2024-09-07,Reorder Point,222,213,2024-08-22,2024-09-07,16,2279.1,EMP00062
REP-S0001-P01023-0010,S0001,P01023,2024-10-10,Reorder Point,222,205,2024-09-26,2024-10-10,14,2193.5,EMP01376
REP-S0001-P01023-0011,S0001,P01023,2024-11-07,Reorder Point,222,206,2024-10-24,2024-11-07,14,2204.2,EMP04134
REP-S0001-P01023-0012,S0001,P01023,2024-12-06,Reorder Point,222,219,2024-11-21,2024-12-06,15,2343.3,EMP04395
REP-S0001-P01023-0013,S0001,P01023,2024-12-30,Reorder Point,222,213,2024-12-19,2024-12-30,11,2279.1,EMP01486
REP-S0001-P01023-0014,S0001,P01023,2025-01-31,Reorder Point,222,217,2025-01-17,2025-01-31,14,2321.9,EMP03602
REP-S0001-P01023-0015,S0001,P01023,2025-03-06,Reorder Point,222,220,2025-02-22,2025-03-06,12,2354.0,EMP04761
REP-S0001-P01023-0016,S0001,P01023,2025-03-31,Reorder Point,222,221,2025-03-18,2025-03-31,13,2364.7,EMP01670
REP-S0001-P01023-0017,S0001,P01023,2025-05-01,Reorder Point,222,221,2025-04-19,2025-05-01,12,2364.7,EMP03466
REP-S0001-P01023-0018,S0001,P01023,2025-05-30,Reorder Point,222,205,2025-05-18,2025-05-30,12,2193.5,EMP01190
REP-S0001-P01023-0019,S0001,P01023,2025-06-26,Reorder Point,222,202,2025-06-13,2025-06-26,13,2161.4,EMP04916
REP-S0001-P01023-0020,S0001,P01023,2025-07-18,Reorder Point,222,190,2025-07-09,2025-07-18,9,2033.0,EMP01533
REP-S0001-P01023-0021,S0001,P01023,2025-08-08,Reorder Point,222,221,2025-07-29,2025-08-08,10,2364.7,EMP01337
REP-S0001-P01023-0022,S0001,P01023,2025-09-07,Reorder Point,222,199,2025-08-23,2025-09-07,15,2129.3,EMP04483
REP-S0001-P01023-0023,S0001,P01023,2025-09-30,Reorder Point,222,191,2025-09-22,2025-09-30,8,2043.7,EMP04459
REP-S0001-P01023-0024,S0001,P01023,2025-10-30,Reorder Point,222,207,2025-10-16,2025-10-30,14,2214.9,EMP02051
REP-S0001-P01023-0025,S0001,P01023,2025-11-28,Reorder Point,222,216,2025-11-13,2025-11-28,15,2311.2,EMP04173
REP-S0001-P01023-0026,S0001,P01023,2025-12-18,Reorder Point,222,206,2025-12-10,2025-12-18,8,2204.2,EMP00319
REP-S0001-P00618-0001,S0001,P00618,2024-01-15,Reorder Point,281,271,2024-01-11,2024-01-15,4,5707.26,EMP00900
REP-S0001-P00618-0002,S0001,P00618,2024-01-25,Reorder Point,281,254,2024-01-21,2024-01-25,4,5349.24,EMP02902
REP-S0001-P00618-0003,S0001,P00618,2024-02-05,Reorder Point,281,271,2024-01-31,2024-02-05,5,5707.26,EMP02233
REP-S0001-P00618-0004,S0001,P00618,2024-02-17,Reorder Point,281,255,2024-02-11,2024-02-17,6,5370.3,EMP01818
REP-S0001-P00618-0005,S0001,P00618,2024-02-26,Reorder Point,281,248,2024-02-23,2024-02-26,3,5222.88,EMP02868
REP-S0001-P00618-0006,S0001,P00618,2024-03-10,Reorder Point,281,274,2024-03-05,2024-03-10,5,5770.44,EMP03538
REP-S0001-P00618-0007,S0001,P00618,2024-03-20,Reorder Point,281,240,2024-03-16,2024-03-20,4,5054.4,EMP04364
REP-S0001-P00618-0008,S0001,P00618,2024-03-30,Reorder Point,281,246,2024-03-26,2024-03-30,4,5180.76,EMP03903
REP-S0001-P00618-0009,S0001,P00618,2024-04-09,Reorder Point,281,255,2024-04-04,2024-04-09,5,5370.3,EMP02835
REP-S0001-P00618-0010,S0001,P00618,2024-04-17,Reorder Point,281,241,2024-04-14,2024-04-17,3,5075.46,EMP04660
REP-S0001-P00618-0011,S0001,P00618,2024-04-30,Reorder Point,281,278,2024-04-23,2024-04-30,7,5854.68,EMP03782
REP-S0001-P00618-0012,S0001,P00618,2024-05-08,Reorder Point,281,255,2024-05-02,2024-05-08,6,5370.3,EMP04727
REP-S0001-P00618-0013,S0001,P00618,2024-05-13,Reorder Point,281,250,2024-05-09,2024-05-13,4,5265.0,EMP03000
REP-S0001-P00618-0014,S0001,P00618,2024-05-20,Reorder Point,281,241,2024-05-14,2024-05-20,6,5075.46,EMP02574
REP-S0001-P00618-0015,S0001,P00618,2024-05-29,Reorder Point,281,248,2024-05-24,2024-05-29,5,5222.88,EMP02192
REP-S0001-P00618-0016,S0001,P00618,2024-06-06,Reorder Point,281,259,2024-06-03,2024-06-06,3,5454.54,EMP01807
REP-S0001-P00618-0017,S0001,P00618,2024-06-18,Reorder Point,281,244,2024-06-13,2024-06-18,5,5138.64,EMP00591
REP-S0001-P00618-0018,S0001,P00618,2024-06-27,Reorder Point,281,279,2024-06-22,2024-06-27,5,5875.74,EMP01958
REP-S0001-P00618-0019,S0001,P00618,2024-07-08,Reorder Point,281,253,2024-07-02,2024-07-08,6,5328.18,EMP02189
REP-S0001-P00618-0020,S0001,P00618,2024-07-17,Reorder Point,281,265,2024-07-12,2024-07-17,5,5580.9,EMP01356
REP-S0001-P00618-0021,S0001,P00618,2024-07-25,Reorder Point,281,279,2024-07-20,2024-07-25,5,5875.74,EMP00822
REP-S0001-P00618-0022,S0001,P00618,2024-08-02,Reorder Point,281,272,2024-07-29,2024-08-02,4,5728.32,EMP04531
REP-S0001-P00618-0023,S0001,P00618,2024-08-13,Reorder Point,281,249,2024-08-08,2024-08-13,5,5243.94,EMP01787
REP-S0001-P00618-0024,S0001,P00618,2024-08-21,Reorder Point,281,253,2024-08-17,2024-08-21,4,5328.18,EMP04206
REP-S0001-P00618-0025,S0001,P00618,2024-08-31,Reorder Point,281,242,2024-08-26,2024-08-31,5,5096.52,EMP04322
REP-S0001-P00618-0026,S0001,P00618,2024-09-09,Reorder Point,281,243,2024-09-03,2024-09-09,6,5117.58,EMP01990
REP-S0001-P00618-0027,S0001,P00618,2024-09-18,Reorder Point,281,277,2024-09-13,2024-09-18,5,5833.62,EMP02432
REP-S0001-P00618-0028,S0001,P00618,2024-10-01,Reorder Point,281,240,2024-09-23,2024-10-01,8,5054.4,EMP03446
REP-S0001-P00618-0029,S0001,P00618,2024-10-11,Reorder Point,281,257,2024-10-04,2024-10-11,7,5412.42,EMP02980
REP-S0001-P00618-0030,S0001,P00618,2024-10-16,Reorder Point,281,257,2024-10-13,2024-10-16,3,5412.42,EMP03110
REP-S0001-P00618-0031,S0001,P00618,2024-10-27,Reorder Point,281,253,2024-10-24,2024-10-27,3,5328.18,EMP03645
REP-S0001-P00618-0032,S0001,P00618,2024-11-06,Reorder Point,281,258,2024-11-02,2024-11-06,4,5433.48,EMP02622
REP-S0001-P00618-0033,S0001,P00618,2024-11-14,Reorder Point,281,269,2024-11-10,2024-11-14,4,5665.14,EMP02425
REP-S0001-P00618-0034,S0001,P00618,2024-11-23,Reorder Point,281,240,2024-11-18,2024-11-23,5,5054.4,EMP02143
REP-S0001-P00618-0035,S0001,P00618,2024-11-29,Reorder Point,281,253,2024-11-26,2024-11-29,3,5328.18,EMP04949
REP-S0001-P00618-0036,S0001,P00618,2024-12-09,Reorder Point,281,264,2024-12-02,2024-12-09,7,5559.84,EMP00571
REP-S0001-P00618-0037,S0001,P00618,2024-12-18,Reorder Point,281,268,2024-12-12,2024-12-18,6,5644.08,EMP04877
REP-S0001-P00618-0038,S0001,P00618,2024-12-26,Reorder Point,281,271,2024-12-21,2024-12-26,5,5707.26,EMP01391
REP-S0001-P00618-0039,S0001,P00618,2025-01-02,Reorder Point,281,256,2024-12-28,2025-01-02,5,5391.36,EMP02429
REP-S0001-P00618-0040,S0001,P00618,2025-01-10,Reorder Point,281,247,2025-01-05,2025-01-10,5,5201.82,EMP01934
REP-S0001-P00618-0041,S0001,P00618,2025-01-21,Reorder Point,281,239,2025-01-15,2025-01-21,6,5033.34,EMP04282
REP-S0001-P00618-0042,S0001,P00618,2025-01-27,Reorder Point,281,248,2025-01-24,2025-01-27,3,5222.88,EMP03589
REP-S0001-P00618-0043,S0001,P00618,2025-02-07,Reorder Point,281,267,2025-02-04,2025-02-07,3,5623.02,EMP04528
REP-S0001-P00618-0044,S0001,P00618,2025-02-19,Reorder Point,281,252,2025-02-15,2025-02-19,4,5307.12,EMP01594
REP-S0001-P00618-0045,S0001,P00618,2025-03-03,Reorder Point,281,253,2025-02-25,2025-03-03,6,5328.18,EMP00333
REP-S0001-P00618-0046,S0001,P00618,2025-03-12,Reorder Point,281,259,2025-03-07,2025-03-12,5,5454.54,EMP02745
REP-S0001-P00618-0047,S0001,P00618,2025-03-27,Reorder Point,281,255,2025-03-18,2025-03-27,9,5370.3,EMP03716
REP-S0001-P00618-0048,S0001,P00618,2025-04-04,Reorder Point,281,239,2025-03-31,2025-04-04,4,5033.34,EMP02822
REP-S0001-P00618-0049,S0001,P00618,2025-04-15,Reorder Point,281,277,2025-04-10,2025-04-15,5,5833.62,EMP03940
REP-S0001-P00618-0050,S0001,P00618,2025-04-24,Reorder Point,281,247,2025-04-21,2025-04-24,3,5201.82,EMP04783
REP-S0001-P00618-0051,S0001,P00618,2025-05-06,Reorder Point,281,272,2025-05-01,2025-05-06,5,5728.32,EMP02389
REP-S0001-P00618-0052,S0001,P00618,2025-05-16,Reorder Point,281,259,2025-05-11,2025-05-16,5,5454.54,EMP00130
REP-S0001-P00618-0053,S0001,P00618,2025-05-21,Reorder Point,281,250,2025-05-19,2025-05-21,2,5265.0,EMP04205
REP-S0001-P00618-0054,S0001,P00618,2025-06-03,Reorder Point,281,277,2025-05-29,2025-06-03,5,5833.62,EMP00564
REP-S0001-P00618-0055,S0001,P00618,2025-06-13,Reorder Point,281,271,2025-06-08,2025-06-13,5,5707.26,EMP01298
REP-S0001-P00618-0056,S0001,P00618,2025-06-25,Reorder Point,281,244,2025-06-18,2025-06-25,7,5138.64,EMP01168
REP-S0001-P00618-0057,S0001,P00618,2025-07-03,Reorder Point,281,242,2025-06-28,2025-07-03,5,5096.52,EMP00149
REP-S0001-P00618-0058,S0001,P00618,2025-07-11,Reorder Point,281,251,2025-07-06,2025-07-11,5,5286.06,EMP01253
REP-S0001-P00618-0059,S0001,P00618,2025-07-22,Reorder Point,281,280,2025-07-16,2025-07-22,6,5896.8,EMP02130
REP-S0001-P00618-0060,S0001,P00618,2025-08-01,Reorder Point,281,263,2025-07-26,2025-08-01,6,5538.78,EMP00781
REP-S0001-P00618-0061,S0001,P00618,2025-08-09,Reorder Point,281,267,2025-08-04,2025-08-09,5,5623.02,EMP02384
REP-S0001-P00618-0062,S0001,P00618,2025-08-17,Reorder Point,281,263,2025-08-13,2025-08-17,4,5538.78,EMP03827
REP-S0001-P00618-0063,S0001,P00618,2025-08-29,Reorder Point,281,267,2025-08-22,2025-08-29,7,5623.02,EMP00201
REP-S0001-P00618-0064,S0001,P00618,2025-09-05,Reorder Point,281,279,2025-09-01,2025-09-05,4,5875.74,EMP00886
REP-S0001-P00618-0065,S0001,P00618,2025-09-16,Reorder Point,281,266,2025-09-11,2025-09-16,5,5601.96,EMP01541
REP-S0001-P00618-0066,S0001,P00618,2025-09-29,Reorder Point,281,241,2025-09-22,2025-09-29,7,5075.46,EMP04874
REP-S0001-P00618-0067,S0001,P00618,2025-10-06,Reorder Point,281,258,2025-10-02,2025-10-06,4,5433.48,EMP01358
REP-S0001-P00618-0068,S0001,P00618,2025-10-18,Reorder Point,281,278,2025-10-11,2025-10-18,7,5854.68,EMP01293
REP-S0001-P00618-0069,S0001,P00618,2025-10-26,Reorder Point,281,262,2025-10-22,2025-10-26,4,5517.72,EMP02576
REP-S0001-P00618-0070,S0001,P00618,2025-11-06,Reorder Point,281,252,2025-11-01,2025-11-06,5,5307.12,EMP01142
REP-S0001-P00618-0071,S0001,P00618,2025-11-14,Reorder Point,281,268,2025-11-09,2025-11-14,5,5644.08,EMP01502
REP-S0001-P00618-0072,S0001,P00618,2025-11-20,Reorder Point,281,261,2025-11-17,2025-11-20,3,5496.66,EMP02168
REP-S0001-P00618-0073,S0001,P00618,2025-11-30,Reorder Point,281,253,2025-11-25,2025-11-30,5,5328.18,EMP01404
REP-S0001-P00618-0074,S0001,P00618,2025-12-07,Reorder Point,281,259,2025-12-03,2025-12-07,4,5454.54,EMP03022
REP-S0001-P00618-0075,S0001,P00618,2025-12-14,Reorder Point,281,271,2025-12-10,2025-12-14,4,5707.26,EMP02541
REP-S0001-P00618-0076,S0001,P00618,2025-12-19,Reorder Point,281,243,2025-12-17,2025-12-19,2,5117.58,EMP01109
REP-S0001-P00618-0077,S0001,P00618,2025-12-26,Reorder Point,281,272,2025-12-23,2025-12-26,3,5728.32,EMP02176
REP-S0001-P00931-0001,S0001,P00931,2024-01-13,Reorder Point,246,226,2024-01-05,2024-01-13,8,1265.6,EMP03695
REP-S0001-P00931-0002,S0001,P00931,2024-01-24,Reorder Point,246,229,2024-01-18,2024-01-24,6,1282.4,EMP03595
REP-S0001-P00931-0003,S0001,P00931,2024-02-06,Reorder Point,246,235,2024-01-31,2024-02-06,6,1316.0,EMP03334
REP-S0001-P00931-0004,S0001,P00931,2024-02-19,Reorder Point,246,217,2024-02-12,2024-02-19,7,1215.2,EMP00923
REP-S0001-P00931-0005,S0001,P00931,2024-03-04,Reorder Point,246,230,2024-02-26,2024-03-04,7,1288.0,EMP02366
REP-S0001-P00931-0006,S0001,P00931,2024-03-16,Reorder Point,246,228,2024-03-12,2024-03-16,4,1276.8,EMP00810
REP-S0001-P00931-0007,S0001,P00931,2024-04-04,Reorder Point,246,242,2024-03-28,2024-04-04,7,1355.2,EMP01515
REP-S0001-P00931-0008,S0001,P00931,2024-04-17,Reorder Point,246,243,2024-04-11,2024-04-17,6,1360.8,EMP02404
REP-S0001-P00931-0009,S0001,P00931,2024-05-02,Reorder Point,246,219,2024-04-24,2024-05-02,8,1226.4,EMP00680
REP-S0001-P00931-0010,S0001,P00931,2024-05-11,Reorder Point,246,239,2024-05-04,2024-05-11,7,1338.4,EMP00233
REP-S0001-P00931-0011,S0001,P00931,2024-05-23,Reorder Point,246,237,2024-05-17,2024-05-23,6,1327.2,EMP02537
REP-S0001-P00931-0012,S0001,P00931,2024-06-02,Reorder Point,246,223,2024-05-29,2024-06-02,4,1248.8,EMP01773
REP-S0001-P00931-0013,S0001,P00931,2024-06-12,Reorder Point,246,212,2024-06-09,2024-06-12,3,1187.2,EMP03943
REP-S0001-P00931-0014,S0001,P00931,2024-06-26,Reorder Point,246,217,2024-06-20,2024-06-26,6,1215.2,EMP04921
REP-S0001-P00931-0015,S0001,P00931,2024-07-05,Reorder Point,246,224,2024-06-30,2024-07-05,5,1254.4,EMP02836
REP-S0001-P00931-0016,S0001,P00931,2024-07-15,Reorder Point,246,214,2024-07-10,2024-07-15,5,1198.4,EMP03134
REP-S0001-P00931-0017,S0001,P00931,2024-07-27,Reorder Point,246,209,2024-07-20,2024-07-27,7,1170.4,EMP04843
REP-S0001-P00931-0018,S0001,P00931,2024-08-05,Reorder Point,246,224,2024-07-29,2024-08-05,7,1254.4,EMP03576
REP-S0001-P00931-0019,S0001,P00931,2024-08-16,Reorder Point,246,233,2024-08-10,2024-08-16,6,1304.8,EMP00347
REP-S0001-P00931-0020,S0001,P00931,2024-08-26,Reorder Point,246,219,2024-08-22,2024-08-26,4,1226.4,EMP00519
REP-S0001-P00931-0021,S0001,P00931,2024-09-08,Reorder Point,246,231,2024-09-02,2024-09-08,6,1293.6,EMP02710
REP-S0001-P00931-0022,S0001,P00931,2024-09-21,Reorder Point,246,210,2024-09-15,2024-09-21,6,1176.0,EMP00860
REP-S0001-P00931-0023,S0001,P00931,2024-10-01,Reorder Point,246,241,2024-09-25,2024-10-01,6,1349.6,EMP00739
REP-S0001-P00931-0024,S0001,P00931,2024-10-13,Reorder Point,246,241,2024-10-08,2024-10-13,5,1349.6,EMP03078
REP-S0001-P00931-0025,S0001,P00931,2024-10-27,Reorder Point,246,209,2024-10-20,2024-10-27,7,1170.4,EMP01016
REP-S0001-P00931-0026,S0001,P00931,2024-11-08,Reorder Point,246,227,2024-11-01,2024-11-08,7,1271.2,EMP00181
REP-S0001-P00931-0027,S0001,P00931,2024-11-17,Reorder Point,246,231,2024-11-11,2024-11-17,6,1293.6,EMP02804
REP-S0001-P00931-0028,S0001,P00931,2024-11-29,Reorder Point,246,239,2024-11-21,2024-11-29,8,1338.4,EMP00813
REP-S0001-P00931-0029,S0001,P00931,2024-12-08,Reorder Point,246,233,2024-12-01,2024-12-08,7,1304.8,EMP01599
REP-S0001-P00931-0030,S0001,P00931,2024-12-17,Reorder Point,246,240,2024-12-11,2024-12-17,6,1344.0,EMP04171
REP-S0001-P00931-0031,S0001,P00931,2024-12-27,Reorder Point,246,216,2024-12-20,2024-12-27,7,1209.6,EMP01622
REP-S0001-P00931-0032,S0001,P00931,2025-01-03,Reorder Point,246,245,2024-12-28,2025-01-03,6,1372.0,EMP02653
REP-S0001-P00931-0033,S0001,P00931,2025-01-15,Reorder Point,246,242,2025-01-08,2025-01-15,7,1355.2,EMP03371
REP-S0001-P00931-0034,S0001,P00931,2025-01-29,Reorder Point,246,227,2025-01-23,2025-01-29,6,1271.2,EMP01081
REP-S0001-P00931-0035,S0001,P00931,2025-02-14,Reorder Point,246,215,2025-02-07,2025-02-14,7,1204.0,EMP04213
REP-S0001-P00931-0036,S0001,P00931,2025-02-24,Reorder Point,246,232,2025-02-20,2025-02-24,4,1299.2,EMP00599
REP-S0001-P00931-0037,S0001,P00931,2025-03-11,Reorder Point,246,209,2025-03-06,2025-03-11,5,1170.4,EMP00325
REP-S0001-P00931-0038,S0001,P00931,2025-03-22,Reorder Point,246,243,2025-03-17,2025-03-22,5,1360.8,EMP03515
REP-S0001-P00931-0039,S0001,P00931,2025-04-05,Reorder Point,246,224,2025-03-31,2025-04-05,5,1254.4,EMP03852
REP-S0001-P00931-0040,S0001,P00931,2025-04-18,Reorder Point,246,237,2025-04-12,2025-04-18,6,1327.2,EMP01128
REP-S0001-P00931-0041,S0001,P00931,2025-04-23,Reorder Point,246,236,2025-04-19,2025-04-23,4,1321.6,EMP04965
REP-S0001-P00931-0042,S0001,P00931,2025-05-03,Reorder Point,246,221,2025-04-26,2025-05-03,7,1237.6,EMP03569
REP-S0001-P00931-0043,S0001,P00931,2025-05-10,Reorder Point,246,217,2025-05-04,2025-05-10,6,1215.2,EMP03969
REP-S0001-P00931-0044,S0001,P00931,2025-05-22,Reorder Point,246,222,2025-05-16,2025-05-22,6,1243.2,EMP04193
REP-S0001-P00931-0045,S0001,P00931,2025-06-02,Reorder Point,246,237,2025-05-28,2025-06-02,5,1327.2,EMP02740
REP-S0001-P00931-0046,S0001,P00931,2025-06-16,Reorder Point,246,235,2025-06-10,2025-06-16,6,1316.0,EMP00361
REP-S0001-P00931-0047,S0001,P00931,2025-06-26,Reorder Point,246,218,2025-06-21,2025-06-26,5,1220.8,EMP01570
REP-S0001-P00931-0048,S0001,P00931,2025-07-09,Reorder Point,246,220,2025-07-02,2025-07-09,7,1232.0,EMP03467
REP-S0001-P00931-0049,S0001,P00931,2025-07-22,Reorder Point,246,216,2025-07-14,2025-07-22,8,1209.6,EMP02100
REP-S0001-P00931-0050,S0001,P00931,2025-07-29,Reorder Point,246,231,2025-07-24,2025-07-29,5,1293.6,EMP04114
REP-S0001-P00931-0051,S0001,P00931,2025-08-08,Reorder Point,246,221,2025-08-04,2025-08-08,4,1237.6,EMP00972
REP-S0001-P00931-0052,S0001,P00931,2025-08-17,Reorder Point,246,226,2025-08-09,2025-08-17,8,1265.6,EMP02942
REP-S0001-P00931-0053,S0001,P00931,2025-08-25,Reorder Point,246,218,2025-08-19,2025-08-25,6,1220.8,EMP02110
REP-S0001-P00931-0054,S0001,P00931,2025-09-05,Reorder Point,246,230,2025-08-30,2025-09-05,6,1288.0,EMP00575
REP-S0001-P00931-0055,S0001,P00931,2025-09-12,Reorder Point,246,236,2025-09-06,2025-09-12,6,1321.6,EMP02670
REP-S0001-P00931-0056,S0001,P00931,2025-09-19,Reorder Point,246,234,2025-09-13,2025-09-19,6,1310.4,EMP01790
REP-S0001-P00931-0057,S0001,P00931,2025-09-28,Reorder Point,246,244,2025-09-23,2025-09-28,5,1366.4,EMP00279
REP-S0001-P00931-0058,S0001,P00931,2025-10-12,Reorder Point,246,235,2025-10-07,2025-10-12,5,1316.0,EMP01111
REP-S0001-P00931-0059,S0001,P00931,2025-10-26,Reorder Point,246,225,2025-10-20,2025-10-26,6,1260.0,EMP01486
REP-S0001-P00931-0060,S0001,P00931,2025-11-09,Reorder Point,246,227,2025-11-01,2025-11-09,8,1271.2,EMP04491
REP-S0001-P00931-0061,S0001,P00931,2025-11-15,Reorder Point,246,219,2025-11-12,2025-11-15,3,1226.4,EMP04034
REP-S0001-P00931-0062,S0001,P00931,2025-11-28,Reorder Point,246,217,2025-11-22,2025-11-28,6,1215.2,EMP04572
REP-S0001-P00931-0063,S0001,P00931,2025-12-06,Reorder Point,246,218,2025-12-02,2025-12-06,4,1220.8,EMP04279
REP-S0001-P00931-0064,S0001,P00931,2025-12-18,Reorder Point,246,226,2025-12-11,2025-12-18,7,1265.6,EMP03471
REP-S0001-P00931-0065,S0001,P00931,2025-12-27,Reorder Point,246,242,2025-12-20,2025-12-27,7,1355.2,EMP03265
REP-S0001-P01195-0001,S0001,P01195,2024-01-09,Reorder Point,68,62,2024-01-01,2024-01-09,8,1068.88,EMP02604
REP-S0001-P01195-0002,S0001,P01195,2024-01-30,Reorder Point,68,65,2024-01-26,2024-01-30,4,1120.6,EMP01841
REP-S0001-P01195-0003,S0001,P01195,2024-02-26,Reorder Point,68,62,2024-02-21,2024-02-26,5,1068.88,EMP00351
REP-S0001-P01195-0004,S0001,P01195,2024-03-19,Reorder Point,68,67,2024-03-15,2024-03-19,4,1155.08,EMP04550
REP-S0001-P01195-0005,S0001,P01195,2024-04-09,Reorder Point,68,60,2024-04-04,2024-04-09,5,1034.4,EMP02207
REP-S0001-P01195-0006,S0001,P01195,2024-04-26,Reorder Point,68,64,2024-04-24,2024-04-26,2,1103.36,EMP04936
REP-S0001-P01195-0007,S0001,P01195,2024-05-20,Reorder Point,68,59,2024-05-16,2024-05-20,4,1017.16,EMP04759
REP-S0001-P01195-0008,S0001,P01195,2024-06-03,Reorder Point,68,58,2024-06-01,2024-06-03,2,999.92,EMP01703
REP-S0001-P01195-0009,S0001,P01195,2024-06-27,Reorder Point,68,64,2024-06-22,2024-06-27,5,1103.36,EMP03879
REP-S0001-P01195-0010,S0001,P01195,2024-07-19,Reorder Point,68,57,2024-07-14,2024-07-19,5,982.68,EMP01005
REP-S0001-P01195-0011,S0001,P01195,2024-08-03,Reorder Point,68,67,2024-07-29,2024-08-03,5,1155.08,EMP04539
REP-S0001-P01195-0012,S0001,P01195,2024-08-24,Reorder Point,68,64,2024-08-18,2024-08-24,6,1103.36,EMP02027
REP-S0001-P01195-0013,S0001,P01195,2024-09-09,Reorder Point,68,66,2024-09-04,2024-09-09,5,1137.84,EMP00180
REP-S0001-P01195-0014,S0001,P01195,2024-10-04,Reorder Point,68,66,2024-09-27,2024-10-04,7,1137.84,EMP01651
REP-S0001-P01195-0015,S0001,P01195,2024-10-24,Reorder Point,68,60,2024-10-19,2024-10-24,5,1034.4,EMP00584
REP-S0001-P01195-0016,S0001,P01195,2024-11-08,Reorder Point,68,67,2024-11-04,2024-11-08,4,1155.08,EMP02464
REP-S0001-P01195-0017,S0001,P01195,2024-11-26,Reorder Point,68,63,2024-11-21,2024-11-26,5,1086.12,EMP03558
REP-S0001-P01195-0018,S0001,P01195,2024-12-12,Reorder Point,68,60,2024-12-09,2024-12-12,3,1034.4,EMP00658
REP-S0001-P01195-0019,S0001,P01195,2024-12-26,Reorder Point,68,61,2024-12-24,2024-12-26,2,1051.64,EMP03492
REP-S0001-P01195-0020,S0001,P01195,2025-01-09,Reorder Point,68,65,2025-01-06,2025-01-09,3,1120.6,EMP02856
REP-S0001-P01195-0021,S0001,P01195,2025-02-01,Reorder Point,68,59,2025-01-27,2025-02-01,5,1017.16,EMP03771
REP-S0001-P01195-0022,S0001,P01195,2025-02-23,Reorder Point,68,62,2025-02-21,2025-02-23,2,1068.88,EMP04317
REP-S0001-P01195-0023,S0001,P01195,2025-03-23,Reorder Point,68,66,2025-03-19,2025-03-23,4,1137.84,EMP04891
REP-S0001-P01195-0024,S0001,P01195,2025-04-15,Reorder Point,68,66,2025-04-12,2025-04-15,3,1137.84,EMP02710
REP-S0001-P01195-0025,S0001,P01195,2025-05-08,Reorder Point,68,63,2025-05-02,2025-05-08,6,1086.12,EMP00105
REP-S0001-P01195-0026,S0001,P01195,2025-05-31,Reorder Point,68,67,2025-05-26,2025-05-31,5,1155.08,EMP03846
REP-S0001-P01195-0027,S0001,P01195,2025-06-18,Reorder Point,68,62,2025-06-14,2025-06-18,4,1068.88,EMP02249
REP-S0001-P01195-0028,S0001,P01195,2025-07-04,Reorder Point,68,59,2025-06-29,2025-07-04,5,1017.16,EMP02109
REP-S0001-P01195-0029,S0001,P01195,2025-07-23,Reorder Point,68,63,2025-07-16,2025-07-23,7,1086.12,EMP01354
REP-S0001-P01195-0030,S0001,P01195,2025-08-08,Reorder Point,68,63,2025-08-04,2025-08-08,4,1086.12,EMP02807
REP-S0001-P01195-0031,S0001,P01195,2025-08-24,Reorder Point,68,58,2025-08-20,2025-08-24,4,999.92,EMP04583
REP-S0001-P01195-0032,S0001,P01195,2025-09-12,Reorder Point,68,66,2025-09-04,2025-09-12,8,1137.84,EMP04799
REP-S0001-P01195-0033,S0001,P01195,2025-09-26,Reorder Point,68,66,2025-09-23,2025-09-26,3,1137.84,EMP00113
REP-S0001-P01195-0034,S0001,P01195,2025-10-18,Reorder Point,68,60,2025-10-13,2025-10-18,5,1034.4,EMP04569
REP-S0001-P01195-0035,S0001,P01195,2025-11-03,Reorder Point,68,62,2025-10-30,2025-11-03,4,1068.88,EMP01477
REP-S0001-P01195-0036,S0001,P01195,2025-11-22,Reorder Point,68,64,2025-11-18,2025-11-22,4,1103.36,EMP01854
REP-S0001-P01195-0037,S0001,P01195,2025-12-09,Reorder Point,68,67,2025-12-04,2025-12-09,5,1155.08,EMP03017
REP-S0001-P01195-0038,S0001,P01195,2025-12-27,Reorder Point,68,60,2025-12-20,2025-12-27,7,1034.4,EMP01546
REP-S0001-P00663-0001,S0001,P00663,2024-01-07,Reorder Point,333,303,2024-01-01,2024-01-07,6,3336.03,EMP02215
REP-S0001-P00663-0002,S0001,P00663,2024-02-03,Reorder Point,333,329,2024-01-23,2024-02-03,11,3622.29,EMP03253
REP-S0001-P00663-0003,S0001,P00663,2024-02-26,Reorder Point,333,293,2024-02-15,2024-02-26,11,3225.93,EMP00648
REP-S0001-P00663-0004,S0001,P00663,2024-03-22,Reorder Point,333,319,2024-03-06,2024-03-22,16,3512.19,EMP04215
REP-S0001-P00663-0005,S0001,P00663,2024-04-06,Reorder Point,333,296,2024-03-29,2024-04-06,8,3258.96,EMP01355
REP-S0001-P00663-0006,S0001,P00663,2024-05-05,Reorder Point,333,329,2024-04-19,2024-05-05,16,3622.29,EMP01829
REP-S0001-P00663-0007,S0001,P00663,2024-05-23,Reorder Point,333,317,2024-05-12,2024-05-23,11,3490.17,EMP02875
REP-S0001-P00663-0008,S0001,P00663,2024-06-14,Reorder Point,333,332,2024-06-01,2024-06-14,13,3655.32,EMP00821
REP-S0001-P00663-0009,S0001,P00663,2024-07-01,Reorder Point,333,326,2024-06-21,2024-07-01,10,3589.26,EMP03964
REP-S0001-P00663-0010,S0001,P00663,2024-07-25,Reorder Point,333,295,2024-07-12,2024-07-25,13,3247.95,EMP04477
REP-S0001-P00663-0011,S0001,P00663,2024-08-03,Reorder Point,333,316,2024-07-29,2024-08-03,5,3479.16,EMP02336
REP-S0001-P00663-0012,S0001,P00663,2024-08-27,Reorder Point,333,287,2024-08-18,2024-08-27,9,3159.87,EMP04065
REP-S0001-P00663-0013,S0001,P00663,2024-09-11,Reorder Point,333,324,2024-09-03,2024-09-11,8,3567.24,EMP03454
REP-S0001-P00663-0014,S0001,P00663,2024-10-07,Reorder Point,333,330,2024-09-25,2024-10-07,12,3633.3,EMP03293
REP-S0001-P00663-0015,S0001,P00663,2024-10-26,Reorder Point,333,285,2024-10-16,2024-10-26,10,3137.85,EMP02474
REP-S0001-P00663-0016,S0001,P00663,2024-11-08,Reorder Point,333,288,2024-10-31,2024-11-08,8,3170.88,EMP01595
REP-S0001-P00663-0017,S0001,P00663,2024-11-16,Reorder Point,333,290,2024-11-09,2024-11-16,7,3192.9,EMP04208
REP-S0001-P00663-0018,S0001,P00663,2024-12-03,Reorder Point,333,318,2024-11-18,2024-12-03,15,3501.18,EMP00205
REP-S0001-P00663-0019,S0001,P00663,2024-12-22,Reorder Point,333,322,2024-12-07,2024-12-22,15,3545.22,EMP04358
REP-S0001-P00663-0020,S0001,P00663,2025-01-05,Reorder Point,333,295,2024-12-25,2025-01-05,11,3247.95,EMP04544
REP-S0001-P00663-0021,S0001,P00663,2025-01-26,Reorder Point,333,291,2025-01-12,2025-01-26,14,3203.91,EMP02241
REP-S0001-P00663-0022,S0001,P00663,2025-02-13,Reorder Point,333,328,2025-02-04,2025-02-13,9,3611.28,EMP02184
REP-S0001-P00663-0023,S0001,P00663,2025-03-16,Reorder Point,333,314,2025-03-01,2025-03-16,15,3457.14,EMP04792
REP-S0001-P00663-0024,S0001,P00663,2025-04-04,Reorder Point,333,305,2025-03-25,2025-04-04,10,3358.05,EMP01757
REP-S0001-P00663-0025,S0001,P00663,2025-04-22,Reorder Point,333,321,2025-04-15,2025-04-22,7,3534.21,EMP04543
REP-S0001-P00663-0026,S0001,P00663,2025-05-19,Reorder Point,333,306,2025-05-06,2025-05-19,13,3369.06,EMP04047
REP-S0001-P00663-0027,S0001,P00663,2025-06-04,Reorder Point,333,315,2025-05-24,2025-06-04,11,3468.15,EMP00361
REP-S0001-P00663-0028,S0001,P00663,2025-06-26,Reorder Point,333,324,2025-06-13,2025-06-26,13,3567.24,EMP01290
REP-S0001-P00663-0029,S0001,P00663,2025-07-13,Reorder Point,333,306,2025-07-01,2025-07-13,12,3369.06,EMP04029
REP-S0001-P00663-0030,S0001,P00663,2025-07-25,Reorder Point,333,313,2025-07-19,2025-07-25,6,3446.13,EMP04180
REP-S0001-P00663-0031,S0001,P00663,2025-08-20,Reorder Point,333,310,2025-08-07,2025-08-20,13,3413.1,EMP02586
REP-S0001-P00663-0032,S0001,P00663,2025-08-31,Reorder Point,333,291,2025-08-24,2025-08-31,7,3203.91,EMP00816
REP-S0001-P00663-0033,S0001,P00663,2025-09-14,Reorder Point,333,301,2025-09-05,2025-09-14,9,3314.01,EMP04605
REP-S0001-P00663-0034,S0001,P00663,2025-09-26,Reorder Point,333,287,2025-09-15,2025-09-26,11,3159.87,EMP04619
REP-S0001-P00663-0035,S0001,P00663,2025-10-07,Reorder Point,333,309,2025-09-29,2025-10-07,8,3402.09,EMP04314
REP-S0001-P00663-0036,S0001,P00663,2025-10-25,Reorder Point,333,322,2025-10-11,2025-10-25,14,3545.22,EMP00804
REP-S0001-P00663-0037,S0001,P00663,2025-11-12,Reorder Point,333,318,2025-10-29,2025-11-12,14,3501.18,EMP00009
REP-S0001-P00663-0038,S0001,P00663,2025-11-24,Reorder Point,333,308,2025-11-15,2025-11-24,9,3391.08,EMP04529
REP-S0001-P00663-0039,S0001,P00663,2025-12-16,Reorder Point,333,319,2025-12-03,2025-12-16,13,3512.19,EMP02529
REP-S0001-P00663-0040,S0001,P00663,2025-12-27,Reorder Point,333,323,2025-12-19,2025-12-27,8,3556.23,EMP03734
REP-S0001-P00925-0001,S0001,P00925,2024-01-22,Reorder Point,344,334,2024-01-09,2024-01-22,13,1753.5,EMP02841
REP-S0001-P00925-0002,S0001,P00925,2024-02-18,Reorder Point,344,312,2024-02-06,2024-02-18,12,1638.0,EMP03725
REP-S0001-P00925-0003,S0001,P00925,2024-03-11,Reorder Point,344,297,2024-03-01,2024-03-11,10,1559.25,EMP02690
REP-S0001-P00925-0004,S0001,P00925,2024-03-31,Reorder Point,344,331,2024-03-21,2024-03-31,10,1737.75,EMP01152
REP-S0001-P00925-0005,S0001,P00925,2024-04-18,Reorder Point,344,315,2024-04-11,2024-04-18,7,1653.75,EMP03840
REP-S0001-P00925-0006,S0001,P00925,2024-05-07,Reorder Point,344,300,2024-04-30,2024-05-07,7,1575.0,EMP04884
REP-S0001-P00925-0007,S0001,P00925,2024-05-24,Reorder Point,344,331,2024-05-17,2024-05-24,7,1737.75,EMP03498
REP-S0001-P00925-0008,S0001,P00925,2024-06-14,Reorder Point,344,336,2024-06-07,2024-06-14,7,1764.0,EMP03961
REP-S0001-P00925-0009,S0001,P00925,2024-07-01,Reorder Point,344,329,2024-06-24,2024-07-01,7,1727.25,EMP00109
REP-S0001-P00925-0010,S0001,P00925,2024-07-24,Reorder Point,344,342,2024-07-13,2024-07-24,11,1795.5,EMP02214
REP-S0001-P00925-0011,S0001,P00925,2024-08-10,Reorder Point,344,304,2024-08-04,2024-08-10,6,1596.0,EMP04277
REP-S0001-P00925-0012,S0001,P00925,2024-08-30,Reorder Point,344,336,2024-08-19,2024-08-30,11,1764.0,EMP00684
REP-S0001-P00925-0013,S0001,P00925,2024-09-14,Reorder Point,344,309,2024-09-10,2024-09-14,4,1622.25,EMP02339
REP-S0001-P00925-0014,S0001,P00925,2024-10-06,Reorder Point,344,330,2024-09-29,2024-10-06,7,1732.5,EMP02911
REP-S0001-P00925-0015,S0001,P00925,2024-10-23,Reorder Point,344,296,2024-10-18,2024-10-23,5,1554.0,EMP03276
REP-S0001-P00925-0016,S0001,P00925,2024-11-11,Reorder Point,344,326,2024-11-02,2024-11-11,9,1711.5,EMP01394
REP-S0001-P00925-0017,S0001,P00925,2024-11-28,Reorder Point,344,298,2024-11-21,2024-11-28,7,1564.5,EMP01659
REP-S0001-P00925-0018,S0001,P00925,2024-12-14,Reorder Point,344,310,2024-12-05,2024-12-14,9,1627.5,EMP04653
REP-S0001-P00925-0019,S0001,P00925,2024-12-28,Reorder Point,344,342,2024-12-22,2024-12-28,6,1795.5,EMP02095
REP-S0001-P00925-0020,S0001,P00925,2025-01-17,Reorder Point,344,297,2025-01-09,2025-01-17,8,1559.25,EMP02662
REP-S0001-P00925-0021,S0001,P00925,2025-02-02,Reorder Point,344,303,2025-01-28,2025-02-02,5,1590.75,EMP01597
REP-S0001-P00925-0022,S0001,P00925,2025-02-27,Reorder Point,344,310,2025-02-16,2025-02-27,11,1627.5,EMP04101
REP-S0001-P00925-0023,S0001,P00925,2025-03-17,Reorder Point,344,307,2025-03-10,2025-03-17,7,1611.75,EMP02913
REP-S0001-P00925-0024,S0001,P00925,2025-04-10,Reorder Point,344,324,2025-03-31,2025-04-10,10,1701.0,EMP03356
REP-S0001-P00925-0025,S0001,P00925,2025-05-02,Reorder Point,344,319,2025-04-21,2025-05-02,11,1674.75,EMP00903
REP-S0001-P00925-0026,S0001,P00925,2025-05-20,Reorder Point,344,315,2025-05-12,2025-05-20,8,1653.75,EMP02602
REP-S0001-P00925-0027,S0001,P00925,2025-06-01,Reorder Point,344,327,2025-05-30,2025-06-01,2,1716.75,EMP01555
REP-S0001-P00925-0028,S0001,P00925,2025-06-25,Reorder Point,344,292,2025-06-17,2025-06-25,8,1533.0,EMP03105
REP-S0001-P00925-0029,S0001,P00925,2025-07-14,Reorder Point,344,331,2025-07-04,2025-07-14,10,1737.75,EMP02456
REP-S0001-P00925-0030,S0001,P00925,2025-08-05,Reorder Point,344,304,2025-07-26,2025-08-05,10,1596.0,EMP01659
REP-S0001-P00925-0031,S0001,P00925,2025-08-25,Reorder Point,344,292,2025-08-15,2025-08-25,10,1533.0,EMP01325
REP-S0001-P00925-0032,S0001,P00925,2025-09-11,Reorder Point,344,324,2025-09-03,2025-09-11,8,1701.0,EMP01450
REP-S0001-P00925-0033,S0001,P00925,2025-10-07,Reorder Point,344,310,2025-09-23,2025-10-07,14,1627.5,EMP04638
REP-S0001-P00925-0034,S0001,P00925,2025-10-24,Reorder Point,344,294,2025-10-17,2025-10-24,7,1543.5,EMP04580
REP-S0001-P00925-0035,S0001,P00925,2025-11-13,Reorder Point,344,312,2025-11-03,2025-11-13,10,1638.0,EMP03648
REP-S0001-P00925-0036,S0001,P00925,2025-12-02,Reorder Point,344,293,2025-11-23,2025-12-02,9,1538.25,EMP00284
REP-S0001-P00925-0037,S0001,P00925,2025-12-13,Reorder Point,344,308,2025-12-09,2025-12-13,4,1617.0,EMP03783
REP-S0001-P00925-0038,S0001,P00925,2025-12-30,Reorder Point,344,311,2025-12-21,2025-12-30,9,1632.75,EMP00946
REP-S0001-P00465-0001,S0001,P00465,2024-01-06,Reorder Point,248,233,2024-01-01,2024-01-06,5,3844.5,EMP00588
REP-S0001-P00465-0002,S0001,P00465,2024-01-22,Reorder Point,248,220,2024-01-16,2024-01-22,6,3630.0,EMP03558
REP-S0001-P00465-0003,S0001,P00465,2024-01-29,Reorder Point,248,228,2024-01-28,2024-01-29,1,3762.0,EMP04652
REP-S0001-P00465-0004,S0001,P00465,2024-02-17,Reorder Point,248,244,2024-02-12,2024-02-17,5,4026.0,EMP03803
REP-S0001-P00465-0005,S0001,P00465,2024-03-06,Reorder Point,248,231,2024-02-26,2024-03-06,9,3811.5,EMP04880
REP-S0001-P00465-0006,S0001,P00465,2024-03-19,Reorder Point,248,216,2024-03-10,2024-03-19,9,3564.0,EMP02609
REP-S0001-P00465-0007,S0001,P00465,2024-03-28,Reorder Point,248,211,2024-03-22,2024-03-28,6,3481.5,EMP04719
REP-S0001-P00465-0008,S0001,P00465,2024-04-08,Reorder Point,248,243,2024-04-03,2024-04-08,5,4009.5,EMP04818
REP-S0001-P00465-0009,S0001,P00465,2024-04-21,Reorder Point,248,236,2024-04-15,2024-04-21,6,3894.0,EMP04999
REP-S0001-P00465-0010,S0001,P00465,2024-05-04,Reorder Point,248,246,2024-04-27,2024-05-04,7,4059.0,EMP01327
REP-S0001-P00465-0011,S0001,P00465,2024-05-10,Reorder Point,248,240,2024-05-05,2024-05-10,5,3960.0,EMP02331
REP-S0001-P00465-0012,S0001,P00465,2024-05-21,Reorder Point,248,210,2024-05-14,2024-05-21,7,3465.0,EMP04543
REP-S0001-P00465-0013,S0001,P00465,2024-05-31,Reorder Point,248,243,2024-05-24,2024-05-31,7,4009.5,EMP01250
REP-S0001-P00465-0014,S0001,P00465,2024-06-08,Reorder Point,248,219,2024-06-04,2024-06-08,4,3613.5,EMP00989
REP-S0001-P00465-0015,S0001,P00465,2024-06-20,Reorder Point,248,216,2024-06-15,2024-06-20,5,3564.0,EMP02497
REP-S0001-P00465-0016,S0001,P00465,2024-07-02,Reorder Point,248,211,2024-06-26,2024-07-02,6,3481.5,EMP04237
REP-S0001-P00465-0017,S0001,P00465,2024-07-16,Reorder Point,248,237,2024-07-06,2024-07-16,10,3910.5,EMP00455
REP-S0001-P00465-0018,S0001,P00465,2024-07-26,Reorder Point,248,223,2024-07-19,2024-07-26,7,3679.5,EMP00610
REP-S0001-P00465-0019,S0001,P00465,2024-08-05,Reorder Point,248,238,2024-07-29,2024-08-05,7,3927.0,EMP01594
REP-S0001-P00465-0020,S0001,P00465,2024-08-14,Reorder Point,248,220,2024-08-09,2024-08-14,5,3630.0,EMP00902
REP-S0001-P00465-0021,S0001,P00465,2024-08-25,Reorder Point,248,218,2024-08-19,2024-08-25,6,3597.0,EMP01609
REP-S0001-P00465-0022,S0001,P00465,2024-09-04,Reorder Point,248,225,2024-08-30,2024-09-04,5,3712.5,EMP02119
REP-S0001-P00465-0023,S0001,P00465,2024-09-17,Reorder Point,248,229,2024-09-12,2024-09-17,5,3778.5,EMP03294
REP-S0001-P00465-0024,S0001,P00465,2024-10-01,Reorder Point,248,211,2024-09-23,2024-10-01,8,3481.5,EMP03520
REP-S0001-P00465-0025,S0001,P00465,2024-10-10,Reorder Point,248,218,2024-10-04,2024-10-10,6,3597.0,EMP01733
REP-S0001-P00465-0026,S0001,P00465,2024-10-20,Reorder Point,248,242,2024-10-14,2024-10-20,6,3993.0,EMP00496
REP-S0001-P00465-0027,S0001,P00465,2024-11-02,Reorder Point,248,242,2024-10-27,2024-11-02,6,3993.0,EMP01846
REP-S0001-P00465-0028,S0001,P00465,2024-11-13,Reorder Point,248,242,2024-11-08,2024-11-13,5,3993.0,EMP03089
REP-S0001-P00465-0029,S0001,P00465,2024-11-27,Reorder Point,248,210,2024-11-19,2024-11-27,8,3465.0,EMP01785
REP-S0001-P00465-0030,S0001,P00465,2024-12-04,Reorder Point,248,211,2024-11-29,2024-12-04,5,3481.5,EMP02417
REP-S0001-P00465-0031,S0001,P00465,2024-12-10,Reorder Point,248,235,2024-12-07,2024-12-10,3,3877.5,EMP04246
REP-S0001-P00465-0032,S0001,P00465,2024-12-20,Reorder Point,248,233,2024-12-16,2024-12-20,4,3844.5,EMP03519
REP-S0001-P00465-0033,S0001,P00465,2024-12-28,Reorder Point,248,226,2024-12-25,2024-12-28,3,3729.0,EMP01365
REP-S0001-P00465-0034,S0001,P00465,2025-01-10,Reorder Point,248,218,2025-01-04,2025-01-10,6,3597.0,EMP01222
REP-S0001-P00465-0035,S0001,P00465,2025-01-25,Reorder Point,248,243,2025-01-17,2025-01-25,8,4009.5,EMP04303
REP-S0001-P00465-0036,S0001,P00465,2025-02-05,Reorder Point,248,227,2025-01-31,2025-02-05,5,3745.5,EMP00494
REP-S0001-P00465-0037,S0001,P00465,2025-02-20,Reorder Point,248,212,2025-02-15,2025-02-20,5,3498.0,EMP03198
REP-S0001-P00465-0038,S0001,P00465,2025-03-07,Reorder Point,248,233,2025-02-28,2025-03-07,7,3844.5,EMP02104
REP-S0001-P00465-0039,S0001,P00465,2025-03-22,Reorder Point,248,230,2025-03-14,2025-03-22,8,3795.0,EMP00620
REP-S0001-P00465-0040,S0001,P00465,2025-04-06,Reorder Point,248,246,2025-03-28,2025-04-06,9,4059.0,EMP02804
REP-S0001-P00465-0041,S0001,P00465,2025-04-16,Reorder Point,248,244,2025-04-10,2025-04-16,6,4026.0,EMP04072
REP-S0001-P00465-0042,S0001,P00465,2025-04-25,Reorder Point,248,218,2025-04-23,2025-04-25,2,3597.0,EMP03025
REP-S0001-P00465-0043,S0001,P00465,2025-05-08,Reorder Point,248,242,2025-05-03,2025-05-08,5,3993.0,EMP03962
REP-S0001-P00465-0044,S0001,P00465,2025-05-23,Reorder Point,248,237,2025-05-17,2025-05-23,6,3910.5,EMP03021
REP-S0001-P00465-0045,S0001,P00465,2025-06-06,Reorder Point,248,221,2025-05-29,2025-06-06,8,3646.5,EMP01092
REP-S0001-P00465-0046,S0001,P00465,2025-06-17,Reorder Point,248,224,2025-06-09,2025-06-17,8,3696.0,EMP03247
REP-S0001-P00465-0047,S0001,P00465,2025-06-28,Reorder Point,248,219,2025-06-21,2025-06-28,7,3613.5,EMP01638
REP-S0001-P00465-0048,S0001,P00465,2025-07-08,Reorder Point,248,216,2025-07-01,2025-07-08,7,3564.0,EMP00643
REP-S0001-P00465-0049,S0001,P00465,2025-07-18,Reorder Point,248,242,2025-07-11,2025-07-18,7,3993.0,EMP01685
REP-S0001-P00465-0050,S0001,P00465,2025-07-28,Reorder Point,248,246,2025-07-24,2025-07-28,4,4059.0,EMP00909
REP-S0001-P00465-0051,S0001,P00465,2025-08-13,Reorder Point,248,233,2025-08-06,2025-08-13,7,3844.5,EMP04417
REP-S0001-P00465-0052,S0001,P00465,2025-08-22,Reorder Point,248,213,2025-08-17,2025-08-22,5,3514.5,EMP01297
REP-S0001-P00465-0053,S0001,P00465,2025-09-06,Reorder Point,248,227,2025-08-30,2025-09-06,7,3745.5,EMP04259
REP-S0001-P00465-0054,S0001,P00465,2025-09-14,Reorder Point,248,217,2025-09-11,2025-09-14,3,3580.5,EMP04174
REP-S0001-P00465-0055,S0001,P00465,2025-09-29,Reorder Point,248,246,2025-09-23,2025-09-29,6,4059.0,EMP01926
REP-S0001-P00465-0056,S0001,P00465,2025-10-13,Reorder Point,248,219,2025-10-06,2025-10-13,7,3613.5,EMP00636
REP-S0001-P00465-0057,S0001,P00465,2025-10-24,Reorder Point,248,227,2025-10-19,2025-10-24,5,3745.5,EMP00654
REP-S0001-P00465-0058,S0001,P00465,2025-11-05,Reorder Point,248,216,2025-10-31,2025-11-05,5,3564.0,EMP01659
REP-S0001-P00465-0059,S0001,P00465,2025-11-13,Reorder Point,248,215,2025-11-10,2025-11-13,3,3547.5,EMP03530
REP-S0001-P00465-0060,S0001,P00465,2025-11-27,Reorder Point,248,220,2025-11-20,2025-11-27,7,3630.0,EMP02945
REP-S0001-P00465-0061,S0001,P00465,2025-12-05,Reorder Point,248,243,2025-11-30,2025-12-05,5,4009.5,EMP01913
REP-S0001-P00465-0062,S0001,P00465,2025-12-15,Reorder Point,248,233,2025-12-11,2025-12-15,4,3844.5,EMP02191
REP-S0001-P00465-0063,S0001,P00465,2025-12-24,Reorder Point,248,229,2025-12-20,2025-12-24,4,3778.5,EMP02015
REP-S0001-P00999-0001,S0001,P00999,2024-01-09,Reorder Point,322,314,2024-01-04,2024-01-09,5,3438.3,EMP04042
REP-S0001-P00999-0002,S0001,P00999,2024-01-18,Reorder Point,322,301,2024-01-15,2024-01-18,3,3295.95,EMP04631
REP-S0001-P00999-0003,S0001,P00999,2024-01-29,Reorder Point,322,309,2024-01-25,2024-01-29,4,3383.55,EMP03291
REP-S0001-P00999-0004,S0001,P00999,2024-02-08,Reorder Point,322,284,2024-02-04,2024-02-08,4,3109.8,EMP01142
REP-S0001-P00999-0005,S0001,P00999,2024-02-17,Reorder Point,322,286,2024-02-15,2024-02-17,2,3131.7,EMP02348
REP-S0001-P00999-0006,S0001,P00999,2024-03-02,Reorder Point,322,278,2024-02-24,2024-03-02,7,3044.1,EMP04937
REP-S0001-P00999-0007,S0001,P00999,2024-03-09,Reorder Point,322,314,2024-03-05,2024-03-09,4,3438.3,EMP04607
REP-S0001-P00999-0008,S0001,P00999,2024-03-22,Reorder Point,322,290,2024-03-16,2024-03-22,6,3175.5,EMP02556
REP-S0001-P00999-0009,S0001,P00999,2024-04-01,Reorder Point,322,314,2024-03-26,2024-04-01,6,3438.3,EMP00477
REP-S0001-P00999-0010,S0001,P00999,2024-04-10,Reorder Point,322,285,2024-04-06,2024-04-10,4,3120.75,EMP03075
REP-S0001-P00999-0011,S0001,P00999,2024-04-17,Reorder Point,322,318,2024-04-14,2024-04-17,3,3482.1,EMP02832
REP-S0001-P00999-0012,S0001,P00999,2024-04-30,Reorder Point,322,310,2024-04-24,2024-04-30,6,3394.5,EMP00013
REP-S0001-P00999-0013,S0001,P00999,2024-05-09,Reorder Point,322,286,2024-05-04,2024-05-09,5,3131.7,EMP02701
REP-S0001-P00999-0014,S0001,P00999,2024-05-16,Reorder Point,322,315,2024-05-12,2024-05-16,4,3449.25,EMP00974
REP-S0001-P00999-0015,S0001,P00999,2024-05-26,Reorder Point,322,309,2024-05-22,2024-05-26,4,3383.55,EMP00452
REP-S0001-P00999-0016,S0001,P00999,2024-06-05,Reorder Point,322,296,2024-06-01,2024-06-05,4,3241.2,EMP03754
REP-S0001-P00999-0017,S0001,P00999,2024-06-14,Reorder Point,322,302,2024-06-09,2024-06-14,5,3306.9,EMP01646
REP-S0001-P00999-0018,S0001,P00999,2024-06-26,Reorder Point,322,308,2024-06-19,2024-06-26,7,3372.6,EMP02478
REP-S0001-P00999-0019,S0001,P00999,2024-07-03,Reorder Point,322,319,2024-06-28,2024-07-03,5,3493.05,EMP03028
REP-S0001-P00999-0020,S0001,P00999,2024-07-10,Reorder Point,322,285,2024-07-06,2024-07-10,4,3120.75,EMP00125
REP-S0001-P00999-0021,S0001,P00999,2024-07-19,Reorder Point,322,276,2024-07-14,2024-07-19,5,3022.2,EMP00467
REP-S0001-P00999-0022,S0001,P00999,2024-07-25,Reorder Point,322,315,2024-07-22,2024-07-25,3,3449.25,EMP01335
REP-S0001-P00999-0023,S0001,P00999,2024-08-03,Reorder Point,322,299,2024-07-31,2024-08-03,3,3274.05,EMP01391
REP-S0001-P00999-0024,S0001,P00999,2024-08-14,Reorder Point,322,308,2024-08-08,2024-08-14,6,3372.6,EMP01046
REP-S0001-P00999-0025,S0001,P00999,2024-08-22,Reorder Point,322,311,2024-08-17,2024-08-22,5,3405.45,EMP00202
REP-S0001-P00999-0026,S0001,P00999,2024-08-30,Reorder Point,322,277,2024-08-26,2024-08-30,4,3033.15,EMP01801
REP-S0001-P00999-0027,S0001,P00999,2024-09-07,Reorder Point,322,303,2024-09-03,2024-09-07,4,3317.85,EMP00936
REP-S0001-P00999-0028,S0001,P00999,2024-09-18,Reorder Point,322,284,2024-09-12,2024-09-18,6,3109.8,EMP02996
REP-S0001-P00999-0029,S0001,P00999,2024-09-26,Reorder Point,322,295,2024-09-22,2024-09-26,4,3230.25,EMP04026
REP-S0001-P00999-0030,S0001,P00999,2024-10-08,Reorder Point,322,313,2024-10-02,2024-10-08,6,3427.35,EMP03584
REP-S0001-P00999-0031,S0001,P00999,2024-10-16,Reorder Point,322,299,2024-10-11,2024-10-16,5,3274.05,EMP00614
REP-S0001-P00999-0032,S0001,P00999,2024-10-23,Reorder Point,322,314,2024-10-20,2024-10-23,3,3438.3,EMP00032
REP-S0001-P00999-0033,S0001,P00999,2024-11-05,Reorder Point,322,321,2024-10-31,2024-11-05,5,3514.95,EMP04671
REP-S0001-P00999-0034,S0001,P00999,2024-11-13,Reorder Point,322,274,2024-11-08,2024-11-13,5,3000.3,EMP01466
REP-S0001-P00999-0035,S0001,P00999,2024-11-18,Reorder Point,322,303,2024-11-15,2024-11-18,3,3317.85,EMP03787
REP-S0001-P00999-0036,S0001,P00999,2024-11-29,Reorder Point,322,308,2024-11-23,2024-11-29,6,3372.6,EMP01571
REP-S0001-P00999-0037,S0001,P00999,2024-12-04,Reorder Point,322,301,2024-11-30,2024-12-04,4,3295.95,EMP01469
REP-S0001-P00999-0038,S0001,P00999,2024-12-13,Reorder Point,322,295,2024-12-07,2024-12-13,6,3230.25,EMP00135
REP-S0001-P00999-0039,S0001,P00999,2024-12-18,Reorder Point,322,273,2024-12-14,2024-12-18,4,2989.35,EMP04968
REP-S0001-P00999-0040,S0001,P00999,2024-12-26,Reorder Point,322,308,2024-12-21,2024-12-26,5,3372.6,EMP03635
REP-S0001-P00999-0041,S0001,P00999,2025-01-02,Reorder Point,322,296,2024-12-27,2025-01-02,6,3241.2,EMP01072
REP-S0001-P00999-0042,S0001,P00999,2025-01-08,Reorder Point,322,320,2025-01-04,2025-01-08,4,3504.0,EMP04637
REP-S0001-P00999-0043,S0001,P00999,2025-01-14,Reorder Point,322,301,2025-01-11,2025-01-14,3,3295.95,EMP03852
REP-S0001-P00999-0044,S0001,P00999,2025-01-22,Reorder Point,322,320,2025-01-17,2025-01-22,5,3504.0,EMP01078
REP-S0001-P00999-0045,S0001,P00999,2025-01-25,Reorder Point,322,314,2025-01-22,2025-01-25,3,3438.3,EMP01104
REP-S0001-P00999-0046,S0001,P00999,2025-01-30,Reorder Point,322,319,2025-01-27,2025-01-30,3,3493.05,EMP00336
REP-S0001-P00999-0047,S0001,P00999,2025-02-09,Reorder Point,322,288,2025-02-05,2025-02-09,4,3153.6,EMP00489
REP-S0001-P00999-0048,S0001,P00999,2025-02-22,Reorder Point,322,304,2025-02-15,2025-02-22,7,3328.8,EMP03236
REP-S0001-P00999-0049,S0001,P00999,2025-03-04,Reorder Point,322,281,2025-03-01,2025-03-04,3,3076.95,EMP02757
REP-S0001-P00999-0050,S0001,P00999,2025-03-11,Reorder Point,322,287,2025-03-06,2025-03-11,5,3142.65,EMP04626
REP-S0001-P00999-0051,S0001,P00999,2025-03-17,Reorder Point,322,313,2025-03-11,2025-03-17,6,3427.35,EMP04905
REP-S0001-P00999-0052,S0001,P00999,2025-03-25,Reorder Point,322,308,2025-03-21,2025-03-25,4,3372.6,EMP01593
REP-S0001-P00999-0053,S0001,P00999,2025-04-05,Reorder Point,322,285,2025-03-31,2025-04-05,5,3120.75,EMP04724
REP-S0001-P00999-0054,S0001,P00999,2025-04-15,Reorder Point,322,320,2025-04-09,2025-04-15,6,3504.0,EMP01808
REP-S0001-P00999-0055,S0001,P00999,2025-04-25,Reorder Point,322,275,2025-04-20,2025-04-25,5,3011.25,EMP02700
REP-S0001-P00999-0056,S0001,P00999,2025-05-01,Reorder Point,322,274,2025-04-28,2025-05-01,3,3000.3,EMP00974
REP-S0001-P00999-0057,S0001,P00999,2025-05-10,Reorder Point,322,310,2025-05-06,2025-05-10,4,3394.5,EMP00471
REP-S0001-P00999-0058,S0001,P00999,2025-05-19,Reorder Point,322,316,2025-05-15,2025-05-19,4,3460.2,EMP03544
REP-S0001-P00999-0059,S0001,P00999,2025-05-30,Reorder Point,322,274,2025-05-25,2025-05-30,5,3000.3,EMP03660
REP-S0001-P00999-0060,S0001,P00999,2025-06-06,Reorder Point,322,285,2025-06-03,2025-06-06,3,3120.75,EMP01139
REP-S0001-P00999-0061,S0001,P00999,2025-06-16,Reorder Point,322,318,2025-06-12,2025-06-16,4,3482.1,EMP02638
REP-S0001-P00999-0062,S0001,P00999,2025-06-27,Reorder Point,322,276,2025-06-22,2025-06-27,5,3022.2,EMP00694
REP-S0001-P00999-0063,S0001,P00999,2025-07-03,Reorder Point,322,285,2025-06-29,2025-07-03,4,3120.75,EMP00103
REP-S0001-P00999-0064,S0001,P00999,2025-07-12,Reorder Point,322,308,2025-07-07,2025-07-12,5,3372.6,EMP04678
REP-S0001-P00999-0065,S0001,P00999,2025-07-20,Reorder Point,322,282,2025-07-16,2025-07-20,4,3087.9,EMP00394
REP-S0001-P00999-0066,S0001,P00999,2025-07-26,Reorder Point,322,274,2025-07-24,2025-07-26,2,3000.3,EMP02761
REP-S0001-P00999-0067,S0001,P00999,2025-08-07,Reorder Point,322,314,2025-08-01,2025-08-07,6,3438.3,EMP01793
REP-S0001-P00999-0068,S0001,P00999,2025-08-15,Reorder Point,322,289,2025-08-10,2025-08-15,5,3164.55,EMP02265
REP-S0001-P00999-0069,S0001,P00999,2025-08-19,Reorder Point,322,289,2025-08-18,2025-08-19,1,3164.55,EMP00280
REP-S0001-P00999-0070,S0001,P00999,2025-09-01,Reorder Point,322,275,2025-08-27,2025-09-01,5,3011.25,EMP04587
REP-S0001-P00999-0071,S0001,P00999,2025-09-06,Reorder Point,322,318,2025-09-02,2025-09-06,4,3482.1,EMP01290
REP-S0001-P00999-0072,S0001,P00999,2025-09-15,Reorder Point,322,296,2025-09-09,2025-09-15,6,3241.2,EMP04195
REP-S0001-P00999-0073,S0001,P00999,2025-09-22,Reorder Point,322,286,2025-09-17,2025-09-22,5,3131.7,EMP01101
REP-S0001-P00999-0074,S0001,P00999,2025-10-03,Reorder Point,322,304,2025-09-27,2025-10-03,6,3328.8,EMP04403
REP-S0001-P00999-0075,S0001,P00999,2025-10-10,Reorder Point,322,288,2025-10-06,2025-10-10,4,3153.6,EMP03236
REP-S0001-P00999-0076,S0001,P00999,2025-10-18,Reorder Point,322,281,2025-10-15,2025-10-18,3,3076.95,EMP02235
REP-S0001-P00999-0077,S0001,P00999,2025-10-29,Reorder Point,322,306,2025-10-24,2025-10-29,5,3350.7,EMP04708
REP-S0001-P00999-0078,S0001,P00999,2025-11-09,Reorder Point,322,317,2025-11-02,2025-11-09,7,3471.15,EMP03801
REP-S0001-P00999-0079,S0001,P00999,2025-11-15,Reorder Point,322,313,2025-11-11,2025-11-15,4,3427.35,EMP00254
REP-S0001-P00999-0080,S0001,P00999,2025-11-24,Reorder Point,322,311,2025-11-19,2025-11-24,5,3405.45,EMP00226
REP-S0001-P00999-0081,S0001,P00999,2025-11-30,Reorder Point,322,319,2025-11-27,2025-11-30,3,3493.05,EMP04270
REP-S0001-P00999-0082,S0001,P00999,2025-12-08,Reorder Point,322,306,2025-12-04,2025-12-08,4,3350.7,EMP02162
REP-S0001-P00999-0083,S0001,P00999,2025-12-14,Reorder Point,322,312,2025-12-09,2025-12-14,5,3416.4,EMP02526
REP-S0001-P00999-0084,S0001,P00999,2025-12-23,Reorder Point,322,301,2025-12-16,2025-12-23,7,3295.95,EMP01281
REP-S0001-P00999-0085,S0001,P00999,2025-12-27,Reorder Point,322,295,2025-12-23,2025-12-27,4,3230.25,EMP04116
REP-S0001-P01150-0001,S0001,P01150,2024-01-10,Reorder Point,368,322,2024-01-01,2024-01-10,9,972.44,EMP03622
REP-S0001-P01150-0002,S0001,P01150,2024-06-17,Reorder Point,368,334,2024-06-08,2024-06-17,9,1008.68,EMP00303
REP-S0001-P01150-0003,S0001,P01150,2024-12-05,Reorder Point,368,341,2024-11-28,2024-12-05,7,1029.82,EMP04227
REP-S0001-P01150-0004,S0001,P01150,2025-05-27,Reorder Point,368,325,2025-05-20,2025-05-27,7,981.5,EMP02721
REP-S0001-P01150-0005,S0001,P01150,2025-11-12,Reorder Point,368,346,2025-11-08,2025-11-12,4,1044.92,EMP03932
REP-S0001-P00408-0001,S0001,P00408,2024-01-03,Reorder Point,572,567,2024-01-01,2024-01-03,2,10206.0,EMP03118
REP-S0001-P00408-0002,S0001,P00408,2024-02-08,Reorder Point,572,509,2024-02-06,2024-02-08,2,9162.0,EMP00848
REP-S0001-P00408-0003,S0001,P00408,2024-03-16,Reorder Point,572,565,2024-03-12,2024-03-16,4,10170.0,EMP03854
REP-S0001-P00408-0004,S0001,P00408,2024-04-17,Reorder Point,572,543,2024-04-16,2024-04-17,1,9774.0,EMP04569
REP-S0001-P00408-0005,S0001,P00408,2024-05-24,Reorder Point,572,507,2024-05-22,2024-05-24,2,9126.0,EMP03171
REP-S0001-P00408-0006,S0001,P00408,2024-06-21,Reorder Point,572,510,2024-06-20,2024-06-21,1,9180.0,EMP04028
REP-S0001-P00408-0007,S0001,P00408,2024-07-21,Reorder Point,572,494,2024-07-18,2024-07-21,3,8892.0,EMP00175
REP-S0001-P00408-0008,S0001,P00408,2024-08-19,Reorder Point,572,537,2024-08-16,2024-08-19,3,9666.0,EMP00443
REP-S0001-P00408-0009,S0001,P00408,2024-09-20,Reorder Point,572,493,2024-09-17,2024-09-20,3,8874.0,EMP02390
REP-S0001-P00408-0010,S0001,P00408,2024-10-17,Reorder Point,572,538,2024-10-16,2024-10-17,1,9684.0,EMP04220
REP-S0001-P00408-0011,S0001,P00408,2024-11-18,Reorder Point,572,556,2024-11-15,2024-11-18,3,10008.0,EMP04908
REP-S0001-P00408-0012,S0001,P00408,2024-12-14,Reorder Point,572,488,2024-12-12,2024-12-14,2,8784.0,EMP03477
REP-S0001-P00408-0013,S0001,P00408,2025-01-04,Reorder Point,572,491,2025-01-02,2025-01-04,2,8838.0,EMP00570
REP-S0001-P00408-0014,S0001,P00408,2025-02-10,Reorder Point,572,534,2025-02-07,2025-02-10,3,9612.0,EMP00526
